time,energy_consumption,outdoor_temp,room_temp,room_temp_setpoint
2023-03-21 06:00:00+00:00,0.03700000000003456,9.0,20.2,20.0
2023-03-21 12:00:00+00:00,3.6030000000000655,10.8,20.0,20.0
2023-03-21 18:00:00+00:00,2.7169999999999845,12.0,19.9,20.0
2023-03-22 00:00:00+00:00,0.2399999999998954,8.2,19.3,20.0
2023-03-22 06:00:00+00:00,0.03600000000005821,8.1,18.8,20.0
2023-03-22 12:00:00+00:00,8.451000000000022,10.4,19.8,20.0
2023-03-22 18:00:00+00:00,3.6019999999999754,11.5,20.0,20.0
2023-03-23 00:00:00+00:00,1.5,11.2,19.7,20.0
2023-03-23 06:00:00+00:00,0.03700000000003456,11.0,19.2,20.0
2023-03-23 12:00:00+00:00,6.5049999999999955,12.4,20.1,20.0
2023-03-23 18:00:00+00:00,0.047000000000025466,14.7,20.1,20.0
2023-03-24 00:00:00+00:00,1.6079999999999472,11.7,19.7,20.0
2023-03-24 06:00:00+00:00,0.03599999999994452,9.8,19.2,20.0
2023-03-24 12:00:00+00:00,4.871999999999957,12.5,20.3,20.0
2023-03-24 18:00:00+00:00,0.03700000000003456,13.0,20.1,20.0
2023-03-25 00:00:00+00:00,1.6550000000000864,9.7,19.8,20.0
2023-03-25 06:00:00+00:00,0.03499999999996817,8.9,19.2,20.0
2023-03-25 12:00:00+00:00,7.021000000000072,11.2,20.1,20.0
2023-03-25 18:00:00+00:00,2.550999999999931,9.5,20.0,20.0
2023-03-26 00:00:00+00:00,1.5699999999999363,7.1,20.6,20.0
2023-03-26 06:00:00+00:00,2.2730000000001382,6.7,19.8,20.0
2023-03-26 12:00:00+00:00,5.650999999999954,7.7,20.0,20.0
2023-03-26 18:00:00+00:00,3.409999999999968,8.3,20.1,20.0
2023-03-27 00:00:00+00:00,2.0190000000000055,4.3,19.7,20.0
2023-03-27 06:00:00+00:00,2.893000000000029,2.2,19.0,20.0
2023-03-27 12:00:00+00:00,6.923000000000002,5.1,20.1,20.0
2023-03-27 18:00:00+00:00,1.7369999999999663,6.6,20.0,20.0
2023-03-28 00:00:00+00:00,1.7160000000000082,1.6,21.2,20.0
2023-03-28 06:00:00+00:00,4.638000000000034,-0.8,19.4,20.0
2023-03-28 12:00:00+00:00,8.511999999999944,6.0,20.0,20.0
2023-03-28 18:00:00+00:00,4.1329999999999245,8.6,20.0,20.0
2023-03-29 00:00:00+00:00,1.1420000000001664,6.1,19.2,20.0
2023-03-29 06:00:00+00:00,2.56899999999996,6.3,18.7,20.0
2023-03-29 12:00:00+00:00,1.2879999999998972,8.6,18.6,20.0
2023-03-29 18:00:00+00:00,0.05700000000001637,11.5,18.4,20.0
2023-03-30 00:00:00+00:00,0.06100000000003547,11.5,18.1,20.0
2023-03-30 06:00:00+00:00,0.06299999999998818,11.6,17.8,20.0
2023-03-30 12:00:00+00:00,0.06200000000001182,12.4,18.3,20.0
2023-03-30 18:00:00+00:00,7.2000000000000455,14.6,19.5,20.0
2023-03-31 00:00:00+00:00,1.1130000000000564,10.1,19.2,18.5
2023-03-31 06:00:00+00:00,1.9489999999999554,9.9,18.8,19.2
2023-03-31 12:00:00+00:00,6.505999999999972,11.5,19.9,20.0
2023-03-31 18:00:00+00:00,2.9549999999999272,11.5,20.6,20.0
2023-04-01 00:00:00+00:00,0.04500000000007276,10.0,21.7,18.5
2023-04-01 06:00:00+00:00,0.03599999999994452,9.3,20.1,19.2
2023-04-01 12:00:00+00:00,3.1660000000000537,10.7,20.0,20.0
2023-04-01 18:00:00+00:00,3.8090000000000828,10.0,20.0,20.0
2023-04-02 00:00:00+00:00,0.6079999999999472,6.9,21.7,18.5
2023-04-02 06:00:00+00:00,2.6849999999999454,4.6,19.9,19.2
2023-04-02 12:00:00+00:00,5.013000000000034,5.0,20.2,20.0
2023-04-02 18:00:00+00:00,0.04099999999993997,8.7,20.1,20.0
2023-04-03 00:00:00+00:00,2.375,4.9,19.6,19.0
2023-04-03 06:00:00+00:00,5.767000000000053,1.4,19.2,19.5
2023-04-03 12:00:00+00:00,5.5090000000000146,6.5,20.3,20.0
2023-04-03 18:00:00+00:00,0.03700000000003456,9.1,20.4,20.0
2023-04-04 00:00:00+00:00,2.19299999999987,3.3,19.7,19.0
2023-04-04 06:00:00+00:00,5.810000000000059,-0.1,19.2,19.5
2023-04-04 12:00:00+00:00,4.875999999999976,6.7,20.3,20.0
2023-04-04 18:00:00+00:00,0.03600000000005821,9.6,20.3,20.0
2023-04-05 00:00:00+00:00,0.13800000000003365,4.4,19.3,19.0
2023-04-05 06:00:00+00:00,5.628999999999905,0.6,19.1,19.5
2023-04-05 12:00:00+00:00,5.157000000000039,7.6,20.2,20.0
2023-04-05 18:00:00+00:00,0.036999999999920874,11.0,20.4,20.0
2023-04-06 00:00:00+00:00,0.1310000000000855,4.2,21.7,19.0
2023-04-06 06:00:00+00:00,2.562999999999988,3.8,20.0,19.5
2023-04-06 12:00:00+00:00,2.07000000000005,8.6,19.7,19.0
2023-04-06 18:00:00+00:00,0.17599999999993088,8.2,19.0,19.0
2023-04-07 00:00:00+00:00,3.8090000000000828,8.4,19.0,19.0
2023-04-07 06:00:00+00:00,4.371999999999957,8.1,19.1,19.5
2023-04-07 12:00:00+00:00,7.024000000000001,9.7,19.9,20.0
2023-04-07 18:00:00+00:00,2.564000000000078,10.1,20.4,20.0
2023-04-08 00:00:00+00:00,1.3349999999999227,8.6,21.2,19.0
2023-04-08 06:00:00+00:00,2.4969999999999573,5.5,19.9,19.5
2023-04-08 12:00:00+00:00,3.4909999999999854,9.4,20.6,20.0
2023-04-08 18:00:00+00:00,0.043000000000006366,12.4,20.6,20.0
2023-04-09 00:00:00+00:00,0.035000000000081855,8.9,21.3,19.0
2023-04-09 06:00:00+00:00,2.091999999999871,8.7,20.0,19.5
2023-04-09 12:00:00+00:00,3.1700000000000728,11.7,20.1,20.0
2023-04-09 18:00:00+00:00,0.047000000000025466,14.9,20.5,20.0
2023-04-10 00:00:00+00:00,0.035000000000081855,8.4,19.8,19.0
2023-04-10 06:00:00+00:00,2.4689999999999372,6.9,19.4,19.5
2023-04-10 12:00:00+00:00,4.070999999999913,12.2,20.0,20.0
2023-04-10 18:00:00+00:00,4.080000000000041,12.1,20.1,20.0
2023-04-11 00:00:00+00:00,0.04800000000000182,8.9,19.8,19.0
2023-04-11 06:00:00+00:00,2.3519999999999754,7.4,19.3,19.5
2023-04-11 12:00:00+00:00,3.4120000000000346,10.8,20.2,19.0
2023-04-11 18:00:00+00:00,0.03599999999994452,12.5,20.5,19.0
2023-04-12 00:00:00+00:00,0.035000000000081855,9.3,19.6,19.0
2023-04-12 06:00:00+00:00,2.09699999999998,8.0,19.2,19.5
2023-04-12 12:00:00+00:00,3.93100000000004,11.3,20.2,20.0
2023-04-12 18:00:00+00:00,0.036999999999920874,11.9,20.1,20.0
2023-04-13 00:00:00+00:00,0.03600000000005821,7.5,19.2,19.0
2023-04-13 06:00:00+00:00,4.078999999999951,6.2,19.1,19.5
2023-04-13 12:00:00+00:00,3.5790000000000646,10.2,19.5,19.5
2023-04-13 18:00:00+00:00,0.03499999999996817,13.6,19.5,19.5
2023-04-14 00:00:00+00:00,2.17999999999995,9.4,19.5,19.5
2023-04-14 06:00:00+00:00,4.819999999999936,5.8,19.5,19.5
2023-04-14 12:00:00+00:00,4.310000000000059,11.9,19.5,19.5
2023-04-14 18:00:00+00:00,0.03899999999998727,17.5,19.5,19.5
2023-04-15 00:00:00+00:00,0.035000000000081855,12.4,19.5,19.5
2023-04-15 06:00:00+00:00,2.341999999999871,8.9,19.5,19.5
2023-04-15 12:00:00+00:00,2.8530000000000655,12.5,19.5,19.5
2023-04-15 18:00:00+00:00,1.7720000000000482,12.8,19.5,19.5
2023-04-16 00:00:00+00:00,0.04600000000004911,10.8,19.5,19.5
2023-04-16 06:00:00+00:00,2.09699999999998,10.8,19.5,19.5
2023-04-16 12:00:00+00:00,5.331999999999994,10.8,19.5,19.5
2023-04-16 18:00:00+00:00,2.058999999999969,12.5,19.5,19.5
2023-04-17 00:00:00+00:00,0.34699999999998,10.6,19.5,19.5
2023-04-17 06:00:00+00:00,2.4049999999999727,10.3,19.5,19.5
2023-04-17 12:00:00+00:00,5.255999999999972,10.7,20.1,20.0
2023-04-17 18:00:00+00:00,0.04200000000003001,14.3,20.4,20.0
2023-04-18 00:00:00+00:00,0.03499999999996817,8.8,19.8,19.0
2023-04-18 06:00:00+00:00,2.2500000000001137,6.6,19.4,19.5
2023-04-18 12:00:00+00:00,4.095000000000027,11.0,20.2,20.0
2023-04-18 18:00:00+00:00,0.03599999999994452,12.6,20.2,20.0
2023-04-19 00:00:00+00:00,1.475999999999999,13.3,19.9,20.0
2023-04-19 06:00:00+00:00,2.1709999999999354,8.3,19.3,20.0
2023-04-19 12:00:00+00:00,3.086999999999989,11.5,20.3,20.0
2023-04-19 18:00:00+00:00,0.03600000000005821,13.4,20.5,20.0
2023-04-20 00:00:00+00:00,0.03499999999996817,8.4,19.6,19.0
2023-04-20 06:00:00+00:00,2.1620000000000346,7.3,19.2,19.5
2023-04-20 12:00:00+00:00,5.998000000000047,7.2,20.0,20.0
2023-04-20 18:00:00+00:00,1.1879999999999882,10.9,20.0,20.0
2023-04-21 00:00:00+00:00,1.4189999999999827,9.1,19.6,19.0
2023-04-21 06:00:00+00:00,2.0919999999999845,8.0,19.2,19.5
2023-04-21 12:00:00+00:00,3.8029999999999973,12.8,20.1,20.0
2023-04-21 18:00:00+00:00,0.036999999999920874,16.8,20.0,20.0
2023-04-22 00:00:00+00:00,1.3610000000001037,11.1,20.0,19.0
2023-04-22 06:00:00+00:00,2.3159999999999172,6.4,19.4,19.5
2023-04-22 12:00:00+00:00,3.163000000000011,12.6,19.3,0.0
2023-04-22 18:00:00+00:00,3.4470000000001164,10.5,19.9,20.0
2023-04-23 00:00:00+00:00,1.3439999999999372,7.5,19.8,20.0
2023-04-23 06:00:00+00:00,2.1380000000000337,7.5,19.2,20.0
2023-04-23 12:00:00+00:00,3.9169999999999163,13.3,20.0,20.0
2023-04-23 18:00:00+00:00,0.047000000000025466,14.4,20.0,20.0
2023-04-24 00:00:00+00:00,1.4370000000000118,11.6,20.1,20.0
2023-04-24 06:00:00+00:00,2.0450000000000728,10.5,19.8,19.0
2023-04-24 12:00:00+00:00,4.87399999999991,9.8,19.8,20.0
2023-04-24 18:00:00+00:00,0.16800000000000637,11.0,20.0,20.0
2023-04-25 00:00:00+00:00,2.865000000000009,6.6,19.8,19.0
2023-04-25 06:00:00+00:00,2.3360000000000127,5.2,19.2,19.5
2023-04-25 12:00:00+00:00,3.7229999999999563,9.0,20.1,20.0
2023-04-25 18:00:00+00:00,0.03600000000005821,10.5,20.2,20.0
2023-04-26 00:00:00+00:00,0.19000000000005457,4.9,19.2,19.0
2023-04-26 06:00:00+00:00,5.6340000000000146,3.3,19.2,19.5
2023-04-26 12:00:00+00:00,8.168999999999983,8.9,19.9,20.0
2023-04-26 18:00:00+00:00,1.7659999999999627,10.8,20.0,20.0
2023-04-27 00:00:00+00:00,1.9349999999999454,4.7,19.7,19.0
2023-04-27 06:00:00+00:00,4.495999999999981,1.9,19.1,19.5
2023-04-27 12:00:00+00:00,4.822000000000003,10.6,20.2,20.0
2023-04-27 18:00:00+00:00,0.038000000000010914,14.3,20.1,20.0
2023-04-28 00:00:00+00:00,0.03499999999996817,9.8,19.4,19.0
2023-04-28 06:00:00+00:00,2.911000000000058,8.5,19.2,19.5
2023-04-28 12:00:00+00:00,5.8700000000000045,11.8,20.0,20.0
2023-04-28 18:00:00+00:00,1.6119999999999663,12.8,20.0,20.0
2023-04-29 00:00:00+00:00,0.04100000000005366,9.8,19.6,19.0
2023-04-29 06:00:00+00:00,1.9669999999999845,9.3,19.2,19.5
2023-04-29 12:00:00+00:00,3.65300000000002,13.6,20.2,20.0
2023-04-29 18:00:00+00:00,0.04800000000000182,15.8,20.7,18.0
2023-04-30 00:00:00+00:00,1.0620000000000118,9.0,20.1,20.0
2023-04-30 06:00:00+00:00,4.308999999999855,6.2,19.9,19.0
2023-04-30 12:00:00+00:00,0.044000000000096406,13.3,20.4,20.0
2023-04-30 18:00:00+00:00,0.03599999999994452,17.8,20.6,18.0
2023-05-01 00:00:00+00:00,0.03600000000005821,11.3,20.1,20.0
2023-05-01 06:00:00+00:00,2.687999999999988,8.4,19.9,19.0
2023-05-01 12:00:00+00:00,1.41599999999994,14.5,20.0,20.0
2023-05-01 18:00:00+00:00,0.04000000000007731,16.5,20.4,18.0
2023-05-02 00:00:00+00:00,0.03700000000003456,11.3,20.1,20.0
2023-05-02 06:00:00+00:00,2.6800000000000637,9.4,19.9,19.0
2023-05-02 12:00:00+00:00,1.6459999999999582,12.2,20.2,20.0
2023-05-02 18:00:00+00:00,0.03899999999998727,13.7,20.4,18.0
2023-05-03 00:00:00+00:00,2.1399999999999864,7.4,20.0,20.0
2023-05-03 06:00:00+00:00,4.400999999999954,4.6,20.0,19.0
2023-05-03 12:00:00+00:00,0.04499999999995907,11.3,20.3,20.0
2023-05-03 18:00:00+00:00,0.035000000000081855,14.1,20.7,18.0
2023-05-04 00:00:00+00:00,1.2309999999999945,9.8,20.0,20.0
2023-05-04 06:00:00+00:00,3.231999999999971,7.2,20.0,19.0
2023-05-04 12:00:00+00:00,1.1200000000000045,14.9,20.4,20.0
2023-05-04 18:00:00+00:00,0.03499999999996817,22.4,20.9,0.0
2023-05-05 00:00:00+00:00,0.03599999999994452,16.2,20.4,20.0
2023-05-05 06:00:00+00:00,0.035000000000081855,13.6,20.0,19.0
2023-05-05 12:00:00+00:00,0.4600000000000364,17.5,20.0,5.0
2023-05-05 18:00:00+00:00,0.03600000000005821,16.0,20.1,18.0
2023-05-06 00:00:00+00:00,0.9729999999998427,12.1,20.0,20.0
2023-05-06 06:00:00+00:00,1.8430000000000746,10.7,19.9,19.0
2023-05-06 12:00:00+00:00,0.03700000000003456,17.8,20.2,20.0
2023-05-06 18:00:00+00:00,0.03499999999996817,20.6,20.6,0.0
2023-05-07 00:00:00+00:00,0.03600000000005821,14.6,20.3,20.0
2023-05-07 06:00:00+00:00,0.03599999999994452,13.9,19.8,19.0
2023-05-07 12:00:00+00:00,0.033999999999991815,18.9,20.1,17.5
2023-05-07 18:00:00+00:00,0.035000000000081855,18.0,20.2,18.0
2023-05-08 00:00:00+00:00,0.03499999999996817,13.8,20.0,20.0
2023-05-08 06:00:00+00:00,2.4839999999999236,12.8,20.0,19.0
2023-05-08 12:00:00+00:00,0.04200000000003001,18.0,20.0,20.0
2023-05-08 18:00:00+00:00,0.03599999999994452,20.0,20.1,9.0
2023-05-09 00:00:00+00:00,0.7309999999999945,15.0,20.0,20.0
2023-05-09 06:00:00+00:00,1.0780000000000882,13.8,20.0,19.0
2023-05-09 12:00:00+00:00,1.6339999999999009,14.7,20.0,20.0
2023-05-09 18:00:00+00:00,0.04500000000007276,15.0,20.0,18.0
2023-05-10 00:00:00+00:00,1.7379999999999427,12.6,20.0,20.0
2023-05-10 06:00:00+00:00,1.8020000000001346,11.9,20.0,19.0
2023-05-10 12:00:00+00:00,0.036999999999920874,16.0,19.9,20.0
2023-05-10 18:00:00+00:00,0.8840000000000146,17.0,19.9,18.0
2023-05-11 00:00:00+00:00,1.8909999999999627,13.2,19.9,20.0
2023-05-11 06:00:00+00:00,2.1680000000000064,12.5,20.0,19.0
2023-05-11 12:00:00+00:00,0.04200000000003001,16.1,19.9,20.0
2023-05-11 18:00:00+00:00,0.6200000000000045,18.2,20.1,18.0
2023-05-12 00:00:00+00:00,1.5229999999999109,13.4,20.0,20.0
2023-05-12 06:00:00+00:00,1.9540000000000646,11.7,20.0,19.0
2023-05-12 12:00:00+00:00,0.04000000000007731,16.4,20.1,20.0
2023-05-12 18:00:00+00:00,0.03499999999996817,20.5,20.5,7.5
2023-05-13 00:00:00+00:00,0.03599999999994452,16.7,20.1,20.0
2023-05-13 06:00:00+00:00,1.7989999999999782,13.3,19.9,19.0
2023-05-13 12:00:00+00:00,0.5819999999999936,17.9,20.4,0.0
2023-05-13 18:00:00+00:00,0.035000000000081855,21.6,21.0,0.0
2023-05-14 00:00:00+00:00,0.03599999999994452,14.4,20.5,0.0
2023-05-14 06:00:00+00:00,0.03499999999996817,12.0,20.0,0.0
2023-05-14 12:00:00+00:00,0.03600000000005821,17.5,20.5,0.0
2023-05-14 18:00:00+00:00,0.03499999999996817,19.4,20.6,0.0
2023-05-15 00:00:00+00:00,0.035000000000081855,12.1,20.4,0.0
2023-05-15 06:00:00+00:00,0.03499999999996817,10.2,19.8,0.0
2023-05-15 12:00:00+00:00,0.03599999999994452,14.1,19.7,0.0
2023-05-15 18:00:00+00:00,0.035000000000081855,12.8,19.6,0.0
2023-05-16 00:00:00+00:00,0.03499999999996817,8.6,19.2,0.0
2023-05-16 06:00:00+00:00,0.03599999999994452,7.2,18.6,0.0
2023-05-16 12:00:00+00:00,0.03600000000005821,13.1,18.8,0.0
2023-05-16 18:00:00+00:00,0.03599999999994452,14.9,19.1,0.0
2023-05-17 00:00:00+00:00,0.035000000000081855,9.8,18.6,0.0
2023-05-17 06:00:00+00:00,0.03599999999994452,9.2,18.2,0.0
2023-05-17 12:00:00+00:00,0.03600000000005821,12.9,18.5,0.0
2023-05-17 18:00:00+00:00,0.03499999999996817,14.7,18.8,0.0
2023-05-18 00:00:00+00:00,0.03599999999994452,8.6,18.2,0.0
2023-05-18 06:00:00+00:00,0.09100000000000819,6.7,17.7,0.0
2023-05-18 12:00:00+00:00,0.047000000000025466,11.8,17.9,0.0
2023-05-18 18:00:00+00:00,0.03499999999996817,15.2,18.2,0.0
2023-05-19 00:00:00+00:00,0.03499999999996817,11.0,18.1,0.0
2023-05-19 06:00:00+00:00,0.03600000000005821,8.5,17.6,0.0
2023-05-19 12:00:00+00:00,0.03499999999996817,14.9,18.3,0.0
2023-05-19 18:00:00+00:00,0.03600000000005821,18.9,18.9,0.0
2023-05-20 00:00:00+00:00,0.03599999999994452,13.9,18.6,0.0
2023-05-20 06:00:00+00:00,0.03600000000005821,11.8,18.2,0.0
2023-05-20 12:00:00+00:00,0.03499999999996817,16.7,18.7,0.0
2023-05-20 18:00:00+00:00,0.03599999999994452,19.5,19.1,0.0
2023-05-21 00:00:00+00:00,0.035000000000081855,15.1,19.0,0.0
2023-05-21 06:00:00+00:00,0.03599999999994452,14.6,18.7,0.0
2023-05-21 12:00:00+00:00,0.033999999999991815,17.9,19.2,0.0
2023-05-21 18:00:00+00:00,0.03600000000005821,21.3,19.7,0.0
2023-05-22 00:00:00+00:00,0.03499999999996817,16.1,19.4,0.0
2023-05-22 06:00:00+00:00,0.03599999999994452,14.2,19.1,0.0
2023-05-22 12:00:00+00:00,0.03600000000005821,20.5,19.6,0.0
2023-05-22 18:00:00+00:00,0.03499999999996817,23.2,20.2,0.0
2023-05-23 00:00:00+00:00,0.03600000000005821,15.5,20.0,0.0
2023-05-23 06:00:00+00:00,0.03499999999996817,12.7,19.6,0.0
2023-05-23 12:00:00+00:00,0.03599999999994452,14.6,19.6,0.0
2023-05-23 18:00:00+00:00,0.035000000000081855,15.5,19.7,0.0
2023-05-24 00:00:00+00:00,0.03499999999996817,10.1,19.2,0.0
2023-05-24 06:00:00+00:00,0.03600000000005821,8.2,18.7,0.0
2023-05-24 12:00:00+00:00,0.03499999999996817,14.6,18.9,0.0
2023-05-24 18:00:00+00:00,0.03599999999994452,16.3,18.8,0.0
2023-05-25 00:00:00+00:00,0.03600000000005821,12.5,18.6,0.0
2023-05-25 06:00:00+00:00,0.03599999999994452,10.8,18.3,0.0
2023-05-25 12:00:00+00:00,0.035000000000081855,15.6,18.4,0.0
2023-05-25 18:00:00+00:00,0.03599999999994452,17.2,18.7,0.0
2023-05-26 00:00:00+00:00,0.03600000000005821,11.4,18.4,0.0
2023-05-26 06:00:00+00:00,0.03499999999996817,10.3,18.0,0.0
2023-05-26 12:00:00+00:00,0.03599999999994452,14.0,18.6,0.0
2023-05-26 18:00:00+00:00,0.035000000000081855,17.1,19.1,0.0
2023-05-27 00:00:00+00:00,0.03599999999994452,11.7,18.8,0.0
2023-05-27 06:00:00+00:00,0.03499999999996817,8.9,18.3,0.0
2023-05-27 12:00:00+00:00,0.03600000000005821,14.4,18.7,0.0
2023-05-27 18:00:00+00:00,0.03599999999994452,20.5,19.5,0.0
2023-05-28 00:00:00+00:00,0.03600000000005821,15.2,19.2,0.0
2023-05-28 06:00:00+00:00,0.03499999999996817,12.9,18.9,0.0
2023-05-28 12:00:00+00:00,0.03499999999996817,17.7,19.2,0.0
2023-05-28 18:00:00+00:00,0.03600000000005821,19.9,19.8,0.0
2023-05-29 00:00:00+00:00,0.03499999999996817,12.9,19.3,0.0
2023-05-29 06:00:00+00:00,0.03499999999996817,10.9,18.8,0.0
2023-05-29 12:00:00+00:00,0.03600000000005821,14.3,18.9,0.0
2023-05-29 18:00:00+00:00,0.03499999999996817,17.1,19.2,0.0
2023-05-30 00:00:00+00:00,0.03600000000005821,11.6,18.9,0.0
2023-05-30 06:00:00+00:00,0.03599999999994452,11.0,18.6,0.0
2023-05-30 12:00:00+00:00,0.03499999999996817,14.6,18.6,0.0
2023-05-30 18:00:00+00:00,0.03600000000005821,15.2,18.6,0.0
2023-05-31 00:00:00+00:00,0.03499999999996817,12.8,18.4,0.0
2023-05-31 06:00:00+00:00,0.03600000000005821,11.4,18.2,0.0
2023-05-31 12:00:00+00:00,0.03499999999996817,16.7,18.8,0.0
2023-05-31 18:00:00+00:00,0.03499999999996817,20.4,19.6,0.0
2023-06-01 00:00:00+00:00,0.03600000000005821,12.8,19.0,0.0
2023-06-01 06:00:00+00:00,0.03499999999996817,11.6,18.7,0.0
2023-06-01 12:00:00+00:00,0.03499999999996817,15.1,18.9,0.0
2023-06-01 18:00:00+00:00,0.03600000000005821,14.7,18.8,0.0
2023-06-02 00:00:00+00:00,0.03599999999994452,11.7,18.5,0.0
2023-06-02 06:00:00+00:00,0.035000000000081855,10.9,18.1,0.0
2023-06-02 12:00:00+00:00,0.03599999999994452,14.4,18.1,0.0
2023-06-02 18:00:00+00:00,0.03600000000005821,19.7,18.9,0.0
2023-06-03 00:00:00+00:00,0.03499999999996817,14.5,18.7,0.0
2023-06-03 06:00:00+00:00,0.03499999999996817,12.3,18.4,0.0
2023-06-03 12:00:00+00:00,0.03600000000005821,17.6,18.9,0.0
2023-06-03 18:00:00+00:00,0.03499999999996817,21.3,19.5,0.0
2023-06-04 00:00:00+00:00,0.03499999999996817,15.3,19.2,0.0
2023-06-04 06:00:00+00:00,0.03499999999996817,12.8,18.9,0.0
2023-06-04 12:00:00+00:00,0.03600000000005821,17.3,19.4,0.0
2023-06-04 18:00:00+00:00,0.03499999999996817,20.9,20.0,0.0
2023-06-05 00:00:00+00:00,0.03600000000005821,13.4,19.7,0.0
2023-06-05 06:00:00+00:00,0.03499999999996817,12.0,19.3,0.0
2023-06-05 12:00:00+00:00,0.03599999999994452,15.8,19.6,0.0
2023-06-05 18:00:00+00:00,0.03600000000005821,19.8,20.1,0.0
2023-06-06 00:00:00+00:00,0.03499999999996817,13.2,19.6,0.0
2023-06-06 06:00:00+00:00,0.03600000000005821,12.1,19.2,0.0
2023-06-06 12:00:00+00:00,0.03599999999994452,16.5,19.6,0.0
2023-06-06 18:00:00+00:00,0.03499999999996817,20.3,20.3,0.0
2023-06-07 00:00:00+00:00,0.03600000000005821,13.7,19.9,0.0
2023-06-07 06:00:00+00:00,0.03499999999996817,12.4,19.6,0.0
2023-06-07 12:00:00+00:00,0.03600000000005821,16.3,19.9,0.0
2023-06-07 18:00:00+00:00,0.03599999999994452,21.1,20.6,0.0
2023-06-08 00:00:00+00:00,0.03600000000005821,14.4,20.0,0.0
2023-06-08 06:00:00+00:00,0.03499999999996817,12.8,19.7,0.0
2023-06-08 12:00:00+00:00,0.03599999999994452,17.6,19.9,0.0
2023-06-08 18:00:00+00:00,0.03600000000005821,23.0,20.6,0.0
2023-06-09 00:00:00+00:00,0.03599999999994452,16.4,20.2,0.0
2023-06-09 06:00:00+00:00,0.03600000000005821,14.2,19.7,0.0
2023-06-09 12:00:00+00:00,0.03599999999994452,20.4,20.1,0.0
2023-06-09 18:00:00+00:00,0.035000000000081855,28.9,21.1,0.0
2023-06-10 00:00:00+00:00,0.03499999999996817,22.9,21.0,0.0
2023-06-10 06:00:00+00:00,0.03599999999994452,19.0,20.7,0.0
2023-06-10 12:00:00+00:00,0.03600000000005821,24.1,21.4,0.0
2023-06-10 18:00:00+00:00,0.033999999999991815,28.7,21.8,0.0
2023-06-11 00:00:00+00:00,0.033999999999991815,22.2,21.9,0.0
2023-06-11 06:00:00+00:00,0.03600000000005821,18.9,21.6,0.0
2023-06-11 12:00:00+00:00,0.03599999999994452,25.9,22.2,0.0
2023-06-11 18:00:00+00:00,0.033999999999991815,31.9,22.6,0.0
2023-06-12 00:00:00+00:00,0.03499999999996817,24.3,22.6,0.0
2023-06-12 06:00:00+00:00,0.03600000000005821,19.6,22.1,0.0
2023-06-12 12:00:00+00:00,0.03499999999996817,25.7,22.3,0.0
2023-06-12 18:00:00+00:00,0.03600000000005821,29.6,22.8,0.0
2023-06-13 00:00:00+00:00,0.03499999999996817,23.0,22.8,0.0
2023-06-13 06:00:00+00:00,0.03599999999994452,19.2,22.2,0.0
2023-06-13 12:00:00+00:00,0.035000000000081855,24.1,22.6,0.0
2023-06-13 18:00:00+00:00,0.03499999999996817,27.0,23.0,0.0
2023-06-14 00:00:00+00:00,0.03599999999994452,21.1,22.8,0.0
2023-06-14 06:00:00+00:00,0.03600000000005821,17.3,22.4,0.0
2023-06-14 12:00:00+00:00,0.03499999999996817,22.3,22.4,0.0
2023-06-14 18:00:00+00:00,0.035000000000081855,27.0,23.0,0.0
2023-06-15 00:00:00+00:00,0.03499999999996817,20.9,22.8,0.0
2023-06-15 06:00:00+00:00,0.03599999999994452,17.8,22.5,0.0
2023-06-15 12:00:00+00:00,0.035000000000081855,22.8,23.1,0.0
2023-06-15 18:00:00+00:00,0.03499999999996817,26.8,23.3,0.0
2023-06-16 00:00:00+00:00,0.03599999999994452,20.7,23.1,0.0
2023-06-16 06:00:00+00:00,0.03600000000005821,16.9,22.8,0.0
2023-06-16 12:00:00+00:00,0.033999999999991815,22.9,22.9,0.0
2023-06-16 18:00:00+00:00,0.03599999999994452,26.3,23.3,0.0
2023-06-17 00:00:00+00:00,0.03600000000005821,19.0,22.4,0.0
2023-06-17 06:00:00+00:00,0.03499999999996817,15.2,22.2,0.0
2023-06-17 12:00:00+00:00,0.03499999999996817,22.0,22.2,0.0
2023-06-17 18:00:00+00:00,0.03600000000005821,27.0,22.8,0.0
2023-06-18 00:00:00+00:00,0.03499999999996817,22.1,22.9,0.0
2023-06-18 06:00:00+00:00,0.035000000000081855,19.4,22.6,0.0
2023-06-18 12:00:00+00:00,0.03499999999996817,25.2,23.1,0.0
2023-06-18 18:00:00+00:00,0.03599999999994452,25.7,23.3,0.0
2023-06-19 00:00:00+00:00,0.035000000000081855,22.4,23.0,0.0
2023-06-19 06:00:00+00:00,0.03599999999994452,19.9,22.6,0.0
2023-06-19 12:00:00+00:00,0.03499999999996817,21.8,22.8,0.0
2023-06-19 18:00:00+00:00,0.03600000000005821,25.7,23.5,0.0
2023-06-20 00:00:00+00:00,0.03499999999996817,21.4,23.0,0.0
2023-06-20 06:00:00+00:00,0.03499999999996817,20.2,22.8,0.0
2023-06-20 12:00:00+00:00,0.035000000000081855,25.4,23.3,0.0
2023-06-20 18:00:00+00:00,0.03599999999994452,24.2,23.6,0.0
2023-06-21 00:00:00+00:00,0.03499999999996817,19.6,23.3,0.0
2023-06-21 06:00:00+00:00,0.03600000000005821,18.1,23.0,0.0
2023-06-21 12:00:00+00:00,0.03499999999996817,21.6,22.8,0.0
2023-06-21 18:00:00+00:00,0.03499999999996817,25.4,23.3,0.0
2023-06-22 00:00:00+00:00,0.03600000000005821,20.1,22.9,0.0
2023-06-22 06:00:00+00:00,0.03499999999996817,17.5,22.6,0.0
2023-06-22 12:00:00+00:00,0.035000000000081855,23.4,22.9,0.0
2023-06-22 18:00:00+00:00,0.03499999999996817,22.8,23.0,0.0
2023-06-23 00:00:00+00:00,0.03599999999994452,18.9,22.8,0.0
2023-06-23 06:00:00+00:00,0.035000000000081855,16.7,22.3,0.0
2023-06-23 12:00:00+00:00,0.03499999999996817,21.9,22.6,0.0
2023-06-23 18:00:00+00:00,0.033999999999991815,25.8,23.3,0.0
2023-06-24 00:00:00+00:00,0.03599999999994452,20.8,22.9,0.0
2023-06-24 06:00:00+00:00,0.035000000000081855,17.3,22.5,0.0
2023-06-24 12:00:00+00:00,0.03499999999996817,23.6,23.1,0.0
2023-06-24 18:00:00+00:00,0.03499999999996817,28.0,24.0,0.0
2023-06-25 00:00:00+00:00,0.035000000000081855,22.6,23.8,0.0
2023-06-25 06:00:00+00:00,0.03499999999996817,19.5,23.3,0.0
2023-06-25 12:00:00+00:00,0.03499999999996817,25.6,23.7,0.0
2023-06-25 18:00:00+00:00,0.03600000000005821,32.1,24.4,0.0
2023-06-26 00:00:00+00:00,0.03499999999996817,25.9,24.5,0.0
2023-06-26 06:00:00+00:00,0.03599999999994452,20.7,23.8,0.0
2023-06-26 12:00:00+00:00,0.03600000000005821,21.3,23.7,0.0
2023-06-26 18:00:00+00:00,0.03599999999994452,22.9,23.6,0.0
2023-06-27 00:00:00+00:00,0.035000000000081855,18.7,23.0,0.0
2023-06-27 06:00:00+00:00,0.03599999999994452,16.8,22.3,0.0
2023-06-27 12:00:00+00:00,0.03600000000005821,21.2,22.9,0.0
2023-06-27 18:00:00+00:00,0.03599999999994452,22.2,23.0,0.0
2023-06-28 00:00:00+00:00,0.03499999999996817,17.0,22.8,0.0
2023-06-28 06:00:00+00:00,0.03600000000005821,15.6,22.4,0.0
2023-06-28 12:00:00+00:00,0.03599999999994452,19.5,22.4,0.0
2023-06-28 18:00:00+00:00,0.03600000000005821,23.5,22.6,0.0
2023-06-29 00:00:00+00:00,0.03599999999994452,20.6,22.7,0.0
2023-06-29 06:00:00+00:00,0.035000000000081855,19.2,22.4,0.0
2023-06-29 12:00:00+00:00,0.036999999999920874,22.8,22.5,0.0
2023-06-29 18:00:00+00:00,0.03600000000005821,20.1,22.6,0.0
2023-06-30 00:00:00+00:00,0.03599999999994452,15.3,22.3,0.0
2023-06-30 06:00:00+00:00,0.03600000000005821,12.8,21.8,0.0
2023-06-30 12:00:00+00:00,0.03499999999996817,20.2,22.1,0.0
2023-06-30 18:00:00+00:00,0.03599999999994452,22.6,22.6,0.0
2023-07-01 00:00:00+00:00,0.03600000000005821,18.5,22.4,0.0
2023-07-01 06:00:00+00:00,0.03599999999994452,16.9,22.1,0.0
2023-07-01 12:00:00+00:00,0.03600000000005821,19.3,22.2,0.0
2023-07-01 18:00:00+00:00,0.03599999999994452,20.1,22.2,0.0
2023-07-02 00:00:00+00:00,0.03600000000005821,17.6,21.9,0.0
2023-07-02 06:00:00+00:00,0.03599999999994452,15.4,21.7,0.0
2023-07-02 12:00:00+00:00,0.03600000000005821,18.6,21.8,0.0
2023-07-02 18:00:00+00:00,0.03499999999996817,21.2,22.3,0.0
2023-07-03 00:00:00+00:00,0.03499999999996817,17.8,22.1,0.0
2023-07-03 06:00:00+00:00,0.03600000000005821,16.6,21.8,0.0
2023-07-03 12:00:00+00:00,0.03599999999994452,19.0,21.9,0.0
2023-07-03 18:00:00+00:00,0.03600000000005821,20.0,22.2,0.0
2023-07-04 00:00:00+00:00,0.03599999999994452,15.1,21.9,0.0
2023-07-04 06:00:00+00:00,0.03600000000005821,14.4,21.6,0.0
2023-07-04 12:00:00+00:00,0.03599999999994452,18.4,21.6,0.0
2023-07-04 18:00:00+00:00,0.035000000000081855,21.4,22.0,0.0
2023-07-05 00:00:00+00:00,0.03599999999994452,17.1,21.7,0.0
2023-07-05 06:00:00+00:00,0.03600000000005821,14.3,21.4,0.0
2023-07-05 12:00:00+00:00,0.03599999999994452,12.8,21.2,0.0
2023-07-05 18:00:00+00:00,0.03600000000005821,15.8,21.0,0.0
2023-07-06 00:00:00+00:00,0.03599999999994452,13.9,20.8,0.0
2023-07-06 06:00:00+00:00,0.03600000000005821,13.4,20.5,0.0
2023-07-06 12:00:00+00:00,0.03599999999994452,18.8,20.7,0.0
2023-07-06 18:00:00+00:00,0.03600000000005821,22.7,21.4,0.0
2023-07-07 00:00:00+00:00,0.03599999999994452,16.4,21.0,0.0
2023-07-07 06:00:00+00:00,0.03600000000005821,13.5,20.5,0.0
2023-07-07 12:00:00+00:00,0.03599999999994452,21.9,21.2,0.0
2023-07-07 18:00:00+00:00,0.03499999999996817,28.2,22.4,0.0
2023-07-08 00:00:00+00:00,0.03600000000005821,22.1,22.1,0.0
2023-07-08 06:00:00+00:00,0.03599999999994452,18.6,21.8,0.0
2023-07-08 12:00:00+00:00,0.035000000000081855,24.5,23.0,0.0
2023-07-08 18:00:00+00:00,0.03499999999996817,32.2,25.2,0.0
2023-07-09 00:00:00+00:00,0.03599999999994452,25.2,24.3,0.0
2023-07-09 06:00:00+00:00,0.035000000000081855,21.5,23.7,0.0
2023-07-09 12:00:00+00:00,0.03599999999994452,26.6,23.8,0.0
2023-07-09 18:00:00+00:00,0.033999999999991815,22.8,23.8,0.0
2023-07-10 00:00:00+00:00,0.03600000000005821,19.2,23.5,0.0
2023-07-10 06:00:00+00:00,0.03599999999994452,17.2,22.9,0.0
2023-07-10 12:00:00+00:00,0.03600000000005821,21.3,23.2,0.0
2023-07-10 18:00:00+00:00,0.03599999999994452,25.3,23.8,0.0
2023-07-11 00:00:00+00:00,0.03600000000005821,20.6,23.2,0.0
2023-07-11 06:00:00+00:00,0.03599999999994452,17.8,22.9,0.0
2023-07-11 12:00:00+00:00,0.03600000000005821,24.4,23.2,0.0
2023-07-11 18:00:00+00:00,0.03599999999994452,26.9,23.9,0.0
2023-07-12 00:00:00+00:00,0.03600000000005821,20.0,23.5,0.0
2023-07-12 06:00:00+00:00,0.03599999999994452,17.8,23.0,0.0
2023-07-12 12:00:00+00:00,0.03499999999996817,20.7,23.1,0.0
2023-07-12 18:00:00+00:00,0.03700000000003456,23.4,23.6,0.0
2023-07-13 00:00:00+00:00,0.033999999999991815,18.6,23.4,0.0
2023-07-13 06:00:00+00:00,0.03600000000005821,17.0,22.8,0.0
2023-07-13 12:00:00+00:00,0.03499999999996817,20.9,23.2,0.0
2023-07-13 18:00:00+00:00,0.03700000000003456,23.0,23.7,0.0
2023-07-14 00:00:00+00:00,0.03499999999996817,17.9,23.2,0.0
2023-07-14 06:00:00+00:00,0.03599999999994452,15.2,22.7,0.0
2023-07-14 12:00:00+00:00,0.033999999999991815,21.4,22.9,0.0
2023-07-14 18:00:00+00:00,0.035000000000081855,23.4,23.1,0.0
2023-07-15 00:00:00+00:00,0.03499999999996817,20.5,23.0,0.0
2023-07-15 06:00:00+00:00,0.03599999999994452,20.0,22.7,0.0
2023-07-15 12:00:00+00:00,0.03600000000005821,24.3,22.9,0.0
2023-07-15 18:00:00+00:00,0.03599999999994452,23.6,23.3,0.0
2023-07-16 00:00:00+00:00,0.03600000000005821,17.9,23.0,0.0
2023-07-16 06:00:00+00:00,0.03599999999994452,16.9,22.6,0.0
2023-07-16 12:00:00+00:00,0.03600000000005821,20.6,22.7,0.0
2023-07-16 18:00:00+00:00,0.03599999999994452,22.9,23.0,0.0
2023-07-17 00:00:00+00:00,0.03600000000005821,18.6,22.4,0.0
2023-07-17 06:00:00+00:00,0.03599999999994452,16.0,22.3,0.0
2023-07-17 12:00:00+00:00,0.035000000000081855,20.1,22.4,0.0
2023-07-17 18:00:00+00:00,0.03199999999992542,22.5,23.0,0.0
2023-07-18 00:00:00+00:00,0.035000000000081855,17.5,22.7,0.0
2023-07-18 06:00:00+00:00,0.03599999999994452,15.0,22.2,0.0
2023-07-18 12:00:00+00:00,0.03499999999996817,21.6,22.6,0.0
2023-07-18 18:00:00+00:00,0.035000000000081855,23.5,23.0,0.0
2023-07-19 00:00:00+00:00,0.03599999999994452,18.3,22.6,0.0
2023-07-19 06:00:00+00:00,0.03600000000005821,16.9,22.4,0.0
2023-07-19 12:00:00+00:00,0.03499999999996817,20.3,22.7,0.0
2023-07-19 18:00:00+00:00,0.03599999999994452,21.4,22.7,0.0
2023-07-20 00:00:00+00:00,0.03600000000005821,17.2,22.7,0.0
2023-07-20 06:00:00+00:00,0.03599999999994452,14.3,22.3,0.0
2023-07-20 12:00:00+00:00,0.03600000000005821,19.1,22.5,0.0
2023-07-20 18:00:00+00:00,0.03599999999994452,22.7,22.8,0.0
2023-07-21 00:00:00+00:00,0.035000000000081855,17.2,22.3,0.0
2023-07-21 06:00:00+00:00,0.03599999999994452,15.2,21.9,0.0
2023-07-21 12:00:00+00:00,0.03600000000005821,19.7,22.0,0.0
2023-07-21 18:00:00+00:00,0.036999999999920874,20.5,22.3,0.0
2023-07-22 00:00:00+00:00,0.035000000000081855,17.0,22.3,0.0
2023-07-22 06:00:00+00:00,0.036999999999920874,15.1,21.8,0.0
2023-07-22 12:00:00+00:00,0.03600000000005821,18.4,21.7,0.0
2023-07-22 18:00:00+00:00,0.033999999999991815,19.7,21.8,0.0
2023-07-23 00:00:00+00:00,0.03599999999994452,17.5,21.8,0.0
2023-07-23 06:00:00+00:00,0.03600000000005821,17.4,21.5,0.0
2023-07-23 12:00:00+00:00,0.03599999999994452,18.4,21.5,0.0
2023-07-23 18:00:00+00:00,0.03600000000005821,23.1,21.5,0.0
2023-07-24 00:00:00+00:00,0.03499999999996817,20.7,21.5,0.0
2023-07-24 06:00:00+00:00,0.03700000000003456,17.6,21.5,0.0
2023-07-24 12:00:00+00:00,0.033999999999991815,21.5,21.7,0.0
2023-07-24 18:00:00+00:00,0.03599999999994452,19.7,21.3,0.0
2023-07-25 00:00:00+00:00,0.03600000000005821,14.8,21.4,0.0
2023-07-25 06:00:00+00:00,0.03599999999994452,13.4,21.0,0.0
2023-07-25 12:00:00+00:00,0.03600000000005821,18.0,21.2,0.0
2023-07-25 18:00:00+00:00,0.03599999999994452,19.1,21.1,0.0
2023-07-26 00:00:00+00:00,0.03600000000005821,14.2,21.0,0.0
2023-07-26 06:00:00+00:00,0.03599999999994452,12.0,20.7,0.0
2023-07-26 12:00:00+00:00,0.03600000000005821,17.3,21.1,0.0
2023-07-26 18:00:00+00:00,0.03599999999994452,20.8,21.6,0.0
2023-07-27 00:00:00+00:00,0.03499999999996817,16.6,21.2,0.0
2023-07-27 06:00:00+00:00,0.03700000000003456,15.0,21.0,0.0
2023-07-27 12:00:00+00:00,0.03499999999996817,18.2,21.1,0.0
2023-07-27 18:00:00+00:00,0.03600000000005821,19.2,21.2,0.0
2023-07-28 00:00:00+00:00,0.03700000000003456,18.4,21.1,0.0
2023-07-28 06:00:00+00:00,0.03499999999996817,18.4,21.0,0.0
2023-07-28 12:00:00+00:00,0.03499999999996817,21.9,21.3,0.0
2023-07-28 18:00:00+00:00,0.03300000000001546,23.2,21.7,0.0
2023-07-29 00:00:00+00:00,0.03600000000005821,18.9,21.6,0.0
2023-07-29 06:00:00+00:00,0.03599999999994452,17.2,21.3,0.0
2023-07-29 12:00:00+00:00,0.03600000000005821,20.9,21.5,0.0
2023-07-29 18:00:00+00:00,0.03599999999994452,23.4,21.9,0.0
2023-07-30 00:00:00+00:00,0.03600000000005821,18.2,21.6,0.0
2023-07-30 06:00:00+00:00,0.03599999999994452,17.1,21.4,0.0
2023-07-30 12:00:00+00:00,0.03599999999994452,19.7,21.6,0.0
2023-07-30 18:00:00+00:00,0.03600000000005821,21.3,22.0,0.0
2023-07-31 00:00:00+00:00,0.03599999999994452,17.3,21.6,0.0
2023-07-31 06:00:00+00:00,0.03600000000005821,16.3,21.4,0.0
2023-07-31 12:00:00+00:00,0.03599999999994452,18.2,21.2,0.0
2023-07-31 18:00:00+00:00,0.03600000000005821,19.3,21.3,0.0
2023-08-01 00:00:00+00:00,0.03599999999994452,16.8,21.1,0.0
2023-08-01 06:00:00+00:00,0.03600000000005821,16.0,21.0,0.0
2023-08-01 12:00:00+00:00,0.03599999999994452,18.5,21.1,0.0
2023-08-01 18:00:00+00:00,0.03600000000005821,18.7,21.3,0.0
2023-08-02 00:00:00+00:00,0.03700000000003456,16.8,21.0,0.0
2023-08-02 06:00:00+00:00,0.03599999999994452,15.5,20.8,0.0
2023-08-02 12:00:00+00:00,0.03600000000005821,18.2,21.0,0.0
2023-08-02 18:00:00+00:00,0.03599999999994452,20.4,21.5,0.0
2023-08-03 00:00:00+00:00,0.03600000000005821,16.8,21.1,0.0
2023-08-03 06:00:00+00:00,0.03599999999994452,16.4,20.9,0.0
2023-08-03 12:00:00+00:00,0.03600000000005821,19.1,21.0,0.0
2023-08-03 18:00:00+00:00,0.036999999999920874,18.2,21.1,0.0
2023-08-04 00:00:00+00:00,0.03600000000005821,16.1,20.8,0.0
2023-08-04 06:00:00+00:00,0.03499999999996817,15.8,20.6,0.0
2023-08-04 12:00:00+00:00,0.03700000000003456,18.6,20.8,0.0
2023-08-04 18:00:00+00:00,0.03599999999994452,21.0,21.3,0.0
2023-08-05 00:00:00+00:00,0.03600000000005821,15.8,21.0,0.0
2023-08-05 06:00:00+00:00,0.03599999999994452,15.0,20.7,0.0
2023-08-05 12:00:00+00:00,0.03600000000005821,18.7,20.8,0.0
2023-08-05 18:00:00+00:00,0.03599999999994452,17.3,20.7,0.0
2023-08-06 00:00:00+00:00,0.03600000000005821,15.4,20.5,0.0
2023-08-06 06:00:00+00:00,0.03599999999994452,14.5,20.3,0.0
2023-08-06 12:00:00+00:00,0.03600000000005821,15.3,20.2,0.0
2023-08-06 18:00:00+00:00,0.036999999999920874,15.8,20.2,0.0
2023-08-07 00:00:00+00:00,0.035000000000081855,13.4,19.9,0.0
2023-08-07 06:00:00+00:00,0.03199999999992542,13.5,19.7,0.0
2023-08-07 12:00:00+00:00,0.03300000000001546,16.3,19.8,0.0
2023-08-07 18:00:00+00:00,0.03499999999996817,18.7,20.1,0.0
2023-08-08 00:00:00+00:00,0.03600000000005821,15.1,20.0,0.0
2023-08-08 06:00:00+00:00,0.03599999999994452,13.8,19.8,0.0
2023-08-08 12:00:00+00:00,0.03600000000005821,18.3,20.0,0.0
2023-08-08 18:00:00+00:00,0.03599999999994452,18.9,20.1,0.0
2023-08-09 00:00:00+00:00,0.035000000000081855,14.5,20.0,0.0
2023-08-09 06:00:00+00:00,0.03599999999994452,12.1,19.7,0.0
2023-08-09 12:00:00+00:00,0.03600000000005821,18.6,20.3,0.0
2023-08-09 18:00:00+00:00,0.03499999999996817,20.1,20.5,0.0
2023-08-10 00:00:00+00:00,0.03599999999994452,15.2,20.3,0.0
2023-08-10 06:00:00+00:00,0.03600000000005821,13.6,20.0,0.0
2023-08-10 12:00:00+00:00,0.03599999999994452,20.7,20.4,0.0
2023-08-10 18:00:00+00:00,0.03600000000005821,24.3,21.2,0.0
2023-08-11 00:00:00+00:00,0.03599999999994452,18.3,20.7,0.0
2023-08-11 06:00:00+00:00,0.03600000000005821,15.6,20.5,0.0
2023-08-11 12:00:00+00:00,0.03599999999994452,23.1,21.7,0.0
2023-08-11 18:00:00+00:00,0.03600000000005821,24.3,22.2,0.0
2023-08-12 00:00:00+00:00,0.03599999999994452,20.0,21.7,0.0
2023-08-12 06:00:00+00:00,0.03600000000005821,19.0,21.5,0.0
2023-08-12 12:00:00+00:00,0.03599999999994452,19.6,21.8,0.0
2023-08-12 18:00:00+00:00,0.03499999999996817,22.7,22.4,0.0
2023-08-13 00:00:00+00:00,0.03600000000005821,18.3,22.2,0.0
2023-08-13 06:00:00+00:00,0.03599999999994452,17.4,21.8,0.0
2023-08-13 12:00:00+00:00,0.035000000000081855,21.6,22.1,0.0
2023-08-13 18:00:00+00:00,0.03599999999994452,22.2,22.2,0.0
2023-08-14 00:00:00+00:00,0.03600000000005821,17.1,21.9,0.0
2023-08-14 06:00:00+00:00,0.03599999999994452,14.9,21.5,0.0
2023-08-14 12:00:00+00:00,0.03600000000005821,21.4,21.8,0.0
2023-08-14 18:00:00+00:00,0.03499999999996817,25.9,23.1,0.0
2023-08-15 00:00:00+00:00,0.03599999999994452,20.2,22.7,0.0
2023-08-15 06:00:00+00:00,0.03600000000005821,17.8,22.2,0.0
2023-08-15 12:00:00+00:00,0.03700000000003456,21.4,22.3,0.0
2023-08-15 18:00:00+00:00,0.03499999999996817,23.2,22.9,0.0
2023-08-16 00:00:00+00:00,0.03599999999994452,16.3,22.5,0.0
2023-08-16 06:00:00+00:00,0.03600000000005821,13.8,22.0,0.0
2023-08-16 12:00:00+00:00,0.033999999999991815,19.8,22.4,0.0
2023-08-16 18:00:00+00:00,0.03499999999996817,23.4,23.1,0.0
2023-08-17 00:00:00+00:00,0.03600000000005821,18.9,22.7,0.0
2023-08-17 06:00:00+00:00,0.03599999999994452,16.9,22.2,0.0
2023-08-17 12:00:00+00:00,0.03600000000005821,20.0,22.5,0.0
2023-08-17 18:00:00+00:00,0.03599999999994452,21.0,22.5,0.0
2023-08-18 00:00:00+00:00,0.03600000000005821,19.0,22.3,0.0
2023-08-18 06:00:00+00:00,0.03599999999994452,17.1,22.1,0.0
2023-08-18 12:00:00+00:00,0.03499999999996817,21.6,22.2,0.0
2023-08-18 18:00:00+00:00,0.03300000000001546,24.8,23.1,0.0
2023-08-19 00:00:00+00:00,0.03700000000003456,21.6,22.9,0.0
2023-08-19 06:00:00+00:00,0.03499999999996817,21.5,22.7,0.0
2023-08-19 12:00:00+00:00,0.03600000000005821,24.5,23.2,0.0
2023-08-19 18:00:00+00:00,0.03499999999996817,23.7,23.2,0.0
2023-08-20 00:00:00+00:00,0.03700000000003456,19.0,22.9,0.0
2023-08-20 06:00:00+00:00,0.03499999999996817,16.2,22.6,0.0
2023-08-20 12:00:00+00:00,0.03600000000005821,21.1,23.0,0.0
2023-08-20 18:00:00+00:00,0.03599999999994452,24.6,23.4,0.0
2023-08-21 00:00:00+00:00,0.03499999999996817,18.2,23.0,0.0
2023-08-21 06:00:00+00:00,0.03600000000005821,15.5,22.6,0.0
2023-08-21 12:00:00+00:00,0.03599999999994452,21.4,23.2,0.0
2023-08-21 18:00:00+00:00,0.03600000000005821,24.2,23.8,0.0
2023-08-22 00:00:00+00:00,0.03599999999994452,18.2,23.4,0.0
2023-08-22 06:00:00+00:00,0.035000000000081855,15.9,23.0,0.0
2023-08-22 12:00:00+00:00,0.03599999999994452,21.4,23.2,0.0
2023-08-22 18:00:00+00:00,0.03600000000005821,23.7,23.8,0.0
2023-08-23 00:00:00+00:00,0.03599999999994452,17.5,23.4,0.0
2023-08-23 06:00:00+00:00,0.03599999999994452,15.4,22.9,0.0
2023-08-23 12:00:00+00:00,0.03600000000005821,21.5,23.0,0.0
2023-08-23 18:00:00+00:00,0.03599999999994452,23.8,23.6,0.0
2023-08-24 00:00:00+00:00,0.03600000000005821,18.3,23.2,0.0
2023-08-24 06:00:00+00:00,0.03599999999994452,16.8,22.8,0.0
2023-08-24 12:00:00+00:00,0.03600000000005821,21.0,22.6,0.0
2023-08-24 18:00:00+00:00,0.03599999999994452,23.2,23.0,0.0
2023-08-25 00:00:00+00:00,0.03600000000005821,20.2,22.9,0.0
2023-08-25 06:00:00+00:00,0.03599999999994452,18.9,22.8,0.0
2023-08-25 12:00:00+00:00,0.033999999999991815,22.5,22.8,0.0
2023-08-25 18:00:00+00:00,0.03600000000005821,22.2,23.0,0.0
2023-08-26 00:00:00+00:00,0.03599999999994452,17.5,22.8,0.0
2023-08-26 06:00:00+00:00,0.035000000000081855,16.0,22.5,0.0
2023-08-26 12:00:00+00:00,0.03599999999994452,19.5,22.2,0.0
2023-08-26 18:00:00+00:00,0.03600000000005821,19.4,22.8,0.0
2023-08-27 00:00:00+00:00,0.03599999999994452,15.2,22.5,0.0
2023-08-27 06:00:00+00:00,0.03600000000005821,13.8,22.0,0.0
2023-08-27 12:00:00+00:00,0.03499999999996817,18.1,22.1,0.0
2023-08-27 18:00:00+00:00,0.03599999999994452,17.9,22.3,0.0
2023-08-28 00:00:00+00:00,0.035000000000081855,13.4,22.0,0.0
2023-08-28 06:00:00+00:00,0.03599999999994452,12.2,21.5,0.0
2023-08-28 12:00:00+00:00,0.03600000000005821,17.9,22.0,0.0
2023-08-28 18:00:00+00:00,0.03599999999994452,20.3,22.2,0.0
2023-08-29 00:00:00+00:00,0.03600000000005821,15.2,22.0,0.0
2023-08-29 06:00:00+00:00,0.03599999999994452,12.9,21.5,0.0
2023-08-29 12:00:00+00:00,0.03700000000003456,18.6,21.8,0.0
2023-08-29 18:00:00+00:00,0.03599999999994452,19.0,21.8,0.0
2023-08-30 00:00:00+00:00,0.035000000000081855,14.5,21.6,0.0
2023-08-30 06:00:00+00:00,0.03599999999994452,13.8,21.2,0.0
2023-08-30 12:00:00+00:00,0.03600000000005821,15.8,21.3,0.0
2023-08-30 18:00:00+00:00,0.03599999999994452,17.5,21.3,0.0
2023-08-31 00:00:00+00:00,0.03600000000005821,13.6,21.2,0.0
2023-08-31 06:00:00+00:00,0.03499999999996817,12.6,20.8,0.0
2023-08-31 12:00:00+00:00,0.03700000000003456,16.0,21.0,0.0
2023-08-31 18:00:00+00:00,0.03599999999994452,18.5,21.5,0.0
2023-09-01 00:00:00+00:00,0.03600000000005821,14.7,21.0,0.0
2023-09-01 06:00:00+00:00,0.03499999999996817,14.5,20.7,0.0
2023-09-01 12:00:00+00:00,0.03700000000003456,17.7,20.7,0.0
2023-09-01 18:00:00+00:00,0.03599999999994452,19.7,20.9,0.0
2023-09-02 00:00:00+00:00,0.03599999999994452,16.9,20.9,0.0
2023-09-02 06:00:00+00:00,0.035000000000081855,16.5,20.7,0.0
2023-09-02 12:00:00+00:00,0.03499999999996817,19.0,20.6,0.0
2023-09-02 18:00:00+00:00,0.03600000000005821,21.2,21.4,0.0
2023-09-03 00:00:00+00:00,0.03599999999994452,16.0,21.3,0.0
2023-09-03 06:00:00+00:00,0.03499999999996817,13.7,20.8,0.0
2023-09-03 12:00:00+00:00,0.03600000000005821,18.7,21.2,0.0
2023-09-03 18:00:00+00:00,0.03599999999994452,22.0,21.6,0.0
2023-09-04 00:00:00+00:00,0.03600000000005821,16.3,21.2,0.0
2023-09-04 06:00:00+00:00,0.03599999999994452,13.4,20.8,0.0
2023-09-04 12:00:00+00:00,0.03600000000005821,19.2,21.6,0.0
2023-09-04 18:00:00+00:00,0.03599999999994452,23.8,22.4,0.0
2023-09-05 00:00:00+00:00,0.035000000000081855,18.6,21.9,0.0
2023-09-05 06:00:00+00:00,0.036999999999920874,16.0,21.4,0.0
2023-09-05 12:00:00+00:00,0.03499999999996817,21.5,21.8,0.0
2023-09-05 18:00:00+00:00,0.03600000000005821,27.0,22.3,0.0
2023-09-06 00:00:00+00:00,0.03499999999996817,20.8,22.2,0.0
2023-09-06 06:00:00+00:00,0.03600000000005821,17.3,21.7,0.0
2023-09-06 12:00:00+00:00,0.03499999999996817,23.2,22.2,0.0
2023-09-06 18:00:00+00:00,0.03600000000005821,27.7,22.8,0.0
2023-09-07 00:00:00+00:00,0.03499999999996817,21.1,22.8,0.0
2023-09-07 06:00:00+00:00,0.03599999999994452,17.8,22.1,0.0
2023-09-07 12:00:00+00:00,0.03600000000005821,23.3,22.4,0.0
2023-09-07 18:00:00+00:00,0.03499999999996817,27.5,22.9,0.0
2023-09-08 00:00:00+00:00,0.03499999999996817,21.0,22.8,0.0
2023-09-08 06:00:00+00:00,0.03600000000005821,17.5,22.1,0.0
2023-09-08 12:00:00+00:00,0.03599999999994452,23.3,22.7,0.0
2023-09-08 18:00:00+00:00,0.03600000000005821,28.0,23.3,0.0
2023-09-09 00:00:00+00:00,0.03599999999994452,21.5,23.3,0.0
2023-09-09 06:00:00+00:00,0.035000000000081855,17.7,22.7,0.0
2023-09-09 12:00:00+00:00,0.03599999999994452,22.6,23.0,0.0
2023-09-09 18:00:00+00:00,0.03499999999996817,27.1,23.4,0.0
2023-09-10 00:00:00+00:00,0.03600000000005821,21.7,23.4,0.0
2023-09-10 06:00:00+00:00,0.03599999999994452,19.3,23.0,0.0
2023-09-10 12:00:00+00:00,0.035000000000081855,24.8,23.4,0.0
2023-09-10 18:00:00+00:00,0.03599999999994452,29.2,24.0,0.0
2023-09-11 00:00:00+00:00,0.03600000000005821,23.3,24.0,0.0
2023-09-11 06:00:00+00:00,0.03499999999996817,20.6,23.4,0.0
2023-09-11 12:00:00+00:00,0.03599999999994452,23.7,23.7,0.0
2023-09-11 18:00:00+00:00,0.03600000000005821,23.1,23.6,0.0
2023-09-12 00:00:00+00:00,0.03599999999994452,19.8,23.8,0.0
2023-09-12 06:00:00+00:00,0.035000000000081855,17.7,23.0,0.0
2023-09-12 12:00:00+00:00,0.03599999999994452,21.9,22.9,0.0
2023-09-12 18:00:00+00:00,0.03600000000005821,22.6,23.2,0.0
2023-09-13 00:00:00+00:00,0.03599999999994452,19.9,23.1,0.0
2023-09-13 06:00:00+00:00,0.03600000000005821,17.3,22.8,0.0
2023-09-13 12:00:00+00:00,0.03499999999996817,18.0,22.8,0.0
2023-09-13 18:00:00+00:00,0.033999999999991815,18.8,23.2,0.0
2023-09-14 00:00:00+00:00,0.03599999999994452,14.0,22.7,0.0
2023-09-14 06:00:00+00:00,0.03600000000005821,11.5,22.0,0.0
2023-09-14 12:00:00+00:00,0.033999999999991815,16.9,22.4,0.0
2023-09-14 18:00:00+00:00,0.03599999999994452,20.1,22.8,0.0
2023-09-15 00:00:00+00:00,0.03600000000005821,14.5,22.4,0.0
2023-09-15 06:00:00+00:00,0.03499999999996817,12.2,21.8,0.0
2023-09-15 12:00:00+00:00,0.03600000000005821,17.2,22.4,0.0
2023-09-15 18:00:00+00:00,0.03599999999994452,20.7,22.7,0.0
2023-09-16 00:00:00+00:00,0.03600000000005821,15.3,22.3,0.0
2023-09-16 06:00:00+00:00,0.03599999999994452,13.9,21.9,0.0
2023-09-16 12:00:00+00:00,0.03600000000005821,19.9,22.5,0.0
2023-09-16 18:00:00+00:00,0.03499999999996817,22.7,22.7,0.0
2023-09-17 00:00:00+00:00,0.03499999999996817,19.2,22.6,0.0
2023-09-17 06:00:00+00:00,0.03499999999996817,17.5,22.1,0.0
2023-09-17 12:00:00+00:00,0.03600000000005821,16.9,22.1,0.0
2023-09-17 18:00:00+00:00,0.03599999999994452,18.5,22.1,0.0
2023-09-18 00:00:00+00:00,0.03600000000005821,16.9,22.0,0.0
2023-09-18 06:00:00+00:00,0.03499999999996817,17.8,21.8,0.0
2023-09-18 12:00:00+00:00,0.03600000000005821,20.2,22.1,0.0
2023-09-18 18:00:00+00:00,0.03599999999994452,20.0,22.4,0.0
2023-09-19 00:00:00+00:00,0.03600000000005821,15.9,22.2,0.0
2023-09-19 06:00:00+00:00,0.03499999999996817,14.4,21.6,0.0
2023-09-19 12:00:00+00:00,0.03599999999994452,17.2,21.7,0.0
2023-09-19 18:00:00+00:00,0.03700000000003456,17.3,21.5,0.0
2023-09-20 00:00:00+00:00,0.03499999999996817,16.8,21.3,0.0
2023-09-20 06:00:00+00:00,0.03600000000005821,16.7,21.1,0.0
2023-09-20 12:00:00+00:00,0.03499999999996817,18.0,21.2,0.0
2023-09-20 18:00:00+00:00,0.03600000000005821,20.2,21.3,0.0
2023-09-21 00:00:00+00:00,0.03499999999996817,17.8,21.2,0.0
2023-09-21 06:00:00+00:00,0.03599999999994452,17.4,21.0,0.0
2023-09-21 12:00:00+00:00,0.03600000000005821,15.6,20.9,0.0
2023-09-21 18:00:00+00:00,0.03599999999994452,15.9,20.8,0.0
2023-09-22 00:00:00+00:00,0.03600000000005821,14.0,20.5,0.0
2023-09-22 06:00:00+00:00,0.03499999999996817,12.5,20.3,0.0
2023-09-22 12:00:00+00:00,0.03700000000003456,15.7,20.3,0.0
2023-09-22 18:00:00+00:00,0.03499999999996817,16.3,20.4,0.0
2023-09-23 00:00:00+00:00,0.03600000000005821,12.3,20.2,0.0
2023-09-23 06:00:00+00:00,0.03599999999994452,11.7,19.8,0.0
2023-09-23 12:00:00+00:00,0.03600000000005821,14.6,19.6,0.0
2023-09-23 18:00:00+00:00,0.03599999999994452,15.9,19.9,0.0
2023-09-24 00:00:00+00:00,0.03600000000005821,12.3,19.7,0.0
2023-09-24 06:00:00+00:00,0.03599999999994452,9.8,19.2,0.0
2023-09-24 12:00:00+00:00,0.03499999999996817,14.9,19.7,0.0
2023-09-24 18:00:00+00:00,0.033999999999991815,17.8,20.4,0.0
2023-09-25 00:00:00+00:00,0.03600000000005821,13.6,20.0,0.0
2023-09-25 06:00:00+00:00,0.03499999999996817,11.8,19.6,0.0
2023-09-25 12:00:00+00:00,0.03700000000003456,16.1,19.8,0.0
2023-09-25 18:00:00+00:00,0.03599999999994452,19.9,20.1,0.0
2023-09-26 00:00:00+00:00,0.035000000000081855,15.2,20.0,0.0
2023-09-26 06:00:00+00:00,0.03599999999994452,13.2,19.7,0.0
2023-09-26 12:00:00+00:00,0.03600000000005821,17.3,20.0,0.0
2023-09-26 18:00:00+00:00,0.03599999999994452,19.7,20.1,0.0
2023-09-27 00:00:00+00:00,0.03600000000005821,15.4,19.9,0.0
2023-09-27 06:00:00+00:00,0.03599999999994452,12.8,19.7,0.0
2023-09-27 12:00:00+00:00,0.03600000000005821,17.3,19.8,0.0
2023-09-27 18:00:00+00:00,0.03599999999994452,20.8,20.2,0.0
2023-09-28 00:00:00+00:00,0.03600000000005821,18.5,20.1,0.0
2023-09-28 06:00:00+00:00,0.03599999999994452,16.6,20.0,0.0
2023-09-28 12:00:00+00:00,0.03499999999996817,19.0,20.1,0.0
2023-09-28 18:00:00+00:00,0.03600000000005821,18.8,20.1,0.0
2023-09-29 00:00:00+00:00,0.03599999999994452,15.6,19.9,0.0
2023-09-29 06:00:00+00:00,0.03600000000005821,16.4,19.8,0.0
2023-09-29 12:00:00+00:00,0.03599999999994452,18.8,20.0,0.0
2023-09-29 18:00:00+00:00,0.03600000000005821,17.2,20.3,0.0
2023-09-30 00:00:00+00:00,0.03499999999996817,12.1,20.0,0.0
2023-09-30 06:00:00+00:00,0.03700000000003456,11.1,19.6,0.0
2023-09-30 12:00:00+00:00,0.03599999999994452,15.7,19.8,0.0
2023-09-30 18:00:00+00:00,0.03600000000005821,18.0,19.8,0.0
2023-10-01 00:00:00+00:00,0.03599999999994452,15.4,19.7,0.0
2023-10-01 06:00:00+00:00,0.03600000000005821,15.2,19.5,0.0
2023-10-01 12:00:00+00:00,0.03499999999996817,19.0,20.0,0.0
2023-10-01 18:00:00+00:00,0.03599999999994452,20.8,20.8,0.0
2023-10-02 00:00:00+00:00,0.035000000000081855,16.7,20.4,0.0
2023-10-02 06:00:00+00:00,0.03599999999994452,15.1,20.2,0.0
2023-10-02 12:00:00+00:00,0.03600000000005821,19.5,20.4,0.0
2023-10-02 18:00:00+00:00,0.03599999999994452,21.6,21.0,0.0
2023-10-03 00:00:00+00:00,0.03600000000005821,17.9,20.8,0.0
2023-10-03 06:00:00+00:00,0.03499999999996817,18.0,20.5,0.0
2023-10-03 12:00:00+00:00,0.03599999999994452,16.0,20.5,0.0
2023-10-03 18:00:00+00:00,0.03600000000005821,15.5,20.6,0.0
2023-10-04 00:00:00+00:00,0.03599999999994452,14.6,20.2,0.0
2023-10-04 06:00:00+00:00,0.03600000000005821,12.8,19.9,0.0
2023-10-04 12:00:00+00:00,0.005999999999971806,13.9,19.9,0.0
2023-10-04 18:00:00+00:00,0.0,14.8,19.9,0.0
2023-10-05 00:00:00+00:00,0.0,13.8,19.9,0.0
2023-10-05 06:00:00+00:00,0.0,13.5,19.9,0.0
2023-10-05 12:00:00+00:00,0.0,14.3,19.9,0.0
2023-10-05 18:00:00+00:00,0.0,15.8,19.9,0.0
2023-10-06 00:00:00+00:00,0.0,13.8,19.9,0.0
2023-10-06 06:00:00+00:00,0.0,13.6,19.9,0.0
2023-10-06 12:00:00+00:00,0.0,15.4,19.9,0.0
2023-10-06 18:00:00+00:00,0.0,17.1,19.9,0.0
2023-10-07 00:00:00+00:00,0.0,15.8,19.9,0.0
2023-10-07 06:00:00+00:00,0.0,16.1,19.9,0.0
2023-10-07 12:00:00+00:00,0.0,16.8,19.9,0.0
2023-10-07 18:00:00+00:00,0.0,17.2,19.9,0.0
2023-10-08 00:00:00+00:00,0.0,17.0,19.9,0.0
2023-10-08 06:00:00+00:00,0.0,13.9,19.9,0.0
2023-10-08 12:00:00+00:00,0.0,13.1,19.9,0.0
2023-10-08 18:00:00+00:00,0.07100000000002638,16.5,19.2,0.0
2023-10-09 00:00:00+00:00,0.038000000000010914,13.7,19.6,0.0
2023-10-09 06:00:00+00:00,0.03600000000005821,15.6,19.4,0.0
2023-10-09 12:00:00+00:00,0.03599999999994452,19.0,19.7,0.0
2023-10-09 18:00:00+00:00,0.03599999999994452,18.7,19.8,0.0
2023-10-10 00:00:00+00:00,0.03600000000005821,16.2,19.7,0.0
2023-10-10 06:00:00+00:00,0.03499999999996817,14.3,19.6,0.0
2023-10-10 12:00:00+00:00,0.03600000000005821,17.6,19.9,0.0
2023-10-10 18:00:00+00:00,0.036999999999920874,19.6,20.1,0.0
2023-10-11 00:00:00+00:00,0.035000000000081855,16.3,19.9,0.0
2023-10-11 06:00:00+00:00,0.03599999999994452,15.8,19.8,0.0
2023-10-11 12:00:00+00:00,0.033999999999991815,18.5,19.8,0.0
2023-10-11 18:00:00+00:00,0.035000000000081855,18.9,19.9,0.0
2023-10-12 00:00:00+00:00,0.03599999999994452,16.8,19.9,0.0
2023-10-12 06:00:00+00:00,0.03600000000005821,13.5,19.6,0.0
2023-10-12 12:00:00+00:00,0.03599999999994452,13.6,19.6,0.0
2023-10-12 18:00:00+00:00,0.03600000000005821,15.3,19.5,0.0
2023-10-13 00:00:00+00:00,0.03599999999994452,16.1,19.4,0.0
2023-10-13 06:00:00+00:00,0.03499999999996817,16.0,19.3,0.0
2023-10-13 12:00:00+00:00,0.03600000000005821,18.0,19.4,0.0
2023-10-13 18:00:00+00:00,0.03599999999994452,17.9,19.5,0.0
2023-10-14 00:00:00+00:00,0.035000000000081855,15.0,19.6,0.0
2023-10-14 06:00:00+00:00,0.03599999999994452,10.8,19.1,0.0
2023-10-14 12:00:00+00:00,2.5400000000000773,12.4,19.6,20.0
2023-10-14 18:00:00+00:00,1.280999999999949,11.5,20.0,19.0
2023-10-15 00:00:00+00:00,2.9220000000000255,7.8,19.9,20.0
2023-10-15 06:00:00+00:00,2.94399999999996,6.6,19.9,19.0
2023-10-15 12:00:00+00:00,2.106999999999971,8.1,20.0,20.0
2023-10-15 18:00:00+00:00,1.1400000000001,8.2,19.9,19.0
2023-10-16 00:00:00+00:00,2.992999999999938,7.1,20.0,20.0
2023-10-16 06:00:00+00:00,2.8279999999999745,7.3,19.9,19.0
2023-10-16 12:00:00+00:00,2.1099999999999,10.6,20.0,20.0
2023-10-16 18:00:00+00:00,0.9500000000000455,10.7,19.9,19.0
2023-10-17 00:00:00+00:00,0.044000000000096406,7.3,21.0,20.0
2023-10-17 06:00:00+00:00,2.1829999999999927,6.6,19.9,19.0
2023-10-17 12:00:00+00:00,1.9239999999999782,9.4,20.1,20.0
2023-10-17 18:00:00+00:00,0.03700000000003456,10.2,20.1,19.0
2023-10-18 00:00:00+00:00,3.4950000000001182,6.5,19.8,20.0
2023-10-18 06:00:00+00:00,3.9889999999998054,5.6,19.9,19.0
2023-10-18 12:00:00+00:00,2.5130000000001473,9.2,19.9,20.0
2023-10-18 18:00:00+00:00,1.9069999999999254,11.8,20.3,19.0
2023-10-19 00:00:00+00:00,0.04500000000007276,10.0,20.9,20.0
2023-10-19 06:00:00+00:00,1.0889999999999418,12.2,19.9,19.0
2023-10-19 12:00:00+00:00,1.4759999999998854,15.1,20.0,20.0
2023-10-19 18:00:00+00:00,0.8320000000001073,15.5,19.9,19.0
2023-10-20 00:00:00+00:00,1.5080000000000382,14.1,19.8,20.0
2023-10-20 06:00:00+00:00,2.375,11.6,19.9,19.0
2023-10-20 12:00:00+00:00,2.130999999999858,9.2,19.9,20.0
2023-10-20 18:00:00+00:00,1.7019999999999982,10.2,20.7,19.0
2023-10-21 00:00:00+00:00,0.03600000000005821,12.0,21.4,20.0
2023-10-21 06:00:00+00:00,1.1580000000001291,11.2,20.3,19.0
2023-10-21 12:00:00+00:00,0.044000000000096406,13.3,20.0,20.0
2023-10-21 18:00:00+00:00,1.8289999999997235,12.5,20.0,19.0
2023-10-22 00:00:00+00:00,1.3140000000000782,12.1,19.9,20.0
2023-10-22 06:00:00+00:00,2.4980000000000473,11.5,20.0,19.0
2023-10-22 12:00:00+00:00,2.2509999999999764,11.9,20.0,20.0
2023-10-22 18:00:00+00:00,0.04600000000004911,12.3,20.0,19.0
2023-10-23 00:00:00+00:00,3.005999999999858,7.4,19.8,20.0
2023-10-23 06:00:00+00:00,4.5620000000001255,6.5,20.0,19.0
2023-10-23 12:00:00+00:00,2.7549999999998818,10.4,20.0,20.0
2023-10-23 18:00:00+00:00,1.3119999999998981,11.9,19.9,19.0
2023-10-24 00:00:00+00:00,1.971000000000231,11.0,20.0,20.0
2023-10-24 06:00:00+00:00,2.798999999999978,11.1,20.0,19.0
2023-10-24 12:00:00+00:00,1.7889999999999873,11.6,20.0,20.0
2023-10-24 18:00:00+00:00,1.627999999999929,11.4,19.9,19.0
2023-10-25 00:00:00+00:00,2.5269999999998163,9.3,19.8,20.0
2023-10-25 06:00:00+00:00,3.785000000000082,7.6,20.0,19.0
2023-10-25 12:00:00+00:00,2.08400000000006,9.5,20.0,20.0
2023-10-25 18:00:00+00:00,2.951000000000022,9.8,20.0,19.0
2023-10-26 00:00:00+00:00,1.9290000000000873,10.0,20.0,20.0
2023-10-26 06:00:00+00:00,3.3969999999999345,8.2,20.0,19.0
2023-10-26 12:00:00+00:00,3.3579999999999472,9.3,19.9,20.0
2023-10-26 18:00:00+00:00,1.7960000000000491,10.8,19.9,19.0
2023-10-27 00:00:00+00:00,2.438000000000102,10.0,19.8,20.0
2023-10-27 06:00:00+00:00,3.328999999999951,9.9,20.0,19.0
2023-10-27 12:00:00+00:00,2.2970000000000255,11.2,20.0,20.0
2023-10-27 18:00:00+00:00,2.0699999999999363,11.0,20.0,19.0
2023-10-28 00:00:00+00:00,0.04299999999989268,8.5,21.2,20.0
2023-10-28 06:00:00+00:00,1.5800000000001546,9.0,19.9,19.0
2023-10-28 12:00:00+00:00,2.143000000000029,11.2,20.0,20.0
2023-10-28 18:00:00+00:00,2.3589999999999236,11.6,20.0,19.0
2023-10-29 00:00:00+00:00,1.0650000000000546,11.2,19.9,20.0
2023-10-29 06:00:00+00:00,3.5699999999999363,11.5,19.9,20.0
2023-10-29 12:00:00+00:00,1.7799999999999727,12.1,20.0,20.0
2023-10-29 18:00:00+00:00,1.7760000000000673,11.8,20.0,20.0
2023-10-30 00:00:00+00:00,0.04899999999997817,9.6,21.8,18.0
2023-10-30 06:00:00+00:00,1.6639999999999873,7.9,20.2,18.0
2023-10-30 12:00:00+00:00,2.296999999999798,10.3,20.0,20.0
2023-10-30 18:00:00+00:00,2.350000000000364,12.1,20.0,20.0
2023-10-31 00:00:00+00:00,1.278999999999769,9.9,20.0,20.0
2023-10-31 06:00:00+00:00,4.073000000000093,9.6,20.1,20.0
2023-10-31 12:00:00+00:00,0.05199999999990723,11.1,19.9,20.0
2023-10-31 18:00:00+00:00,3.2789999999999964,10.6,20.0,20.0
2023-11-01 00:00:00+00:00,1.9490000000000691,9.8,19.8,20.0
2023-11-01 06:00:00+00:00,3.6489999999998872,10.7,20.0,20.0
2023-11-01 12:00:00+00:00,1.5790000000001783,12.7,20.0,20.0
2023-11-01 18:00:00+00:00,2.566000000000031,12.5,20.0,20.0
2023-11-02 00:00:00+00:00,1.4629999999999654,9.4,20.0,18.0
2023-11-02 06:00:00+00:00,4.129999999999882,10.2,20.0,18.0
2023-11-02 12:00:00+00:00,1.8920000000000528,11.7,19.8,20.0
2023-11-02 18:00:00+00:00,3.688000000000102,10.3,19.9,20.0
2023-11-03 00:00:00+00:00,2.3449999999998,9.0,19.4,20.0
2023-11-03 06:00:00+00:00,4.729000000000042,8.9,19.8,20.0
2023-11-03 12:00:00+00:00,2.56899999999996,9.6,19.8,20.0
2023-11-03 18:00:00+00:00,2.759000000000242,10.3,20.5,20.0
2023-11-04 00:00:00+00:00,0.049999999999954525,7.8,22.1,20.0
2023-11-04 06:00:00+00:00,1.655999999999949,8.6,20.1,20.0
2023-11-04 12:00:00+00:00,2.576999999999771,9.6,19.9,20.0
2023-11-04 18:00:00+00:00,4.650000000000091,9.0,20.5,20.0
2023-11-05 00:00:00+00:00,0.0500000000001819,8.7,21.7,20.0
2023-11-05 06:00:00+00:00,1.5360000000000582,8.7,20.1,20.0
2023-11-05 12:00:00+00:00,2.209999999999809,10.7,19.9,20.0
2023-11-05 18:00:00+00:00,3.907000000000153,10.4,20.1,20.0
2023-11-06 00:00:00+00:00,2.1030000000000655,9.2,19.9,20.0
2023-11-06 06:00:00+00:00,4.795999999999822,8.4,20.0,20.0
2023-11-06 12:00:00+00:00,2.3209999999999127,9.7,20.0,20.0
2023-11-06 18:00:00+00:00,1.8120000000001255,10.2,20.0,19.0
2023-11-07 00:00:00+00:00,2.9570000000001073,8.5,20.0,20.0
2023-11-07 06:00:00+00:00,4.432000000000016,7.2,20.0,20.0
2023-11-07 12:00:00+00:00,2.388999999999669,9.5,20.0,20.0
2023-11-07 18:00:00+00:00,2.230000000000018,10.2,19.9,19.0
2023-11-08 00:00:00+00:00,3.536000000000058,8.4,19.9,20.0
2023-11-08 06:00:00+00:00,4.79300000000012,7.8,20.0,20.0
2023-11-08 12:00:00+00:00,2.5920000000000982,8.9,19.9,20.0
2023-11-08 18:00:00+00:00,3.185999999999922,9.3,19.8,19.0
2023-11-09 00:00:00+00:00,3.224999999999909,10.0,19.8,20.0
2023-11-09 06:00:00+00:00,4.342000000000098,9.6,20.0,20.0
2023-11-09 12:00:00+00:00,1.877999999999929,9.6,19.9,20.0
2023-11-09 18:00:00+00:00,3.1950000000001637,8.7,19.8,19.0
2023-11-10 00:00:00+00:00,4.770999999999958,6.2,19.8,20.0
2023-11-10 06:00:00+00:00,5.760999999999967,6.2,20.0,20.0
2023-11-10 12:00:00+00:00,3.6440000000000055,7.0,19.9,20.0
2023-11-10 18:00:00+00:00,4.430999999999813,7.5,20.5,19.0
2023-11-11 00:00:00+00:00,0.04500000000007276,6.0,22.1,20.0
2023-11-11 06:00:00+00:00,2.48700000000008,5.7,20.1,20.0
2023-11-11 12:00:00+00:00,3.1109999999998763,7.7,19.8,20.0
2023-11-11 18:00:00+00:00,3.0540000000000873,8.4,21.2,19.0
2023-11-12 00:00:00+00:00,0.04599999999982174,5.8,22.0,20.0
2023-11-12 06:00:00+00:00,3.0490000000002055,4.9,20.0,20.0
2023-11-12 12:00:00+00:00,2.9869999999998527,7.0,19.8,20.0
2023-11-12 18:00:00+00:00,4.546000000000049,6.6,19.8,19.0
2023-11-13 00:00:00+00:00,5.417000000000144,5.5,19.8,20.0
2023-11-13 06:00:00+00:00,6.902000000000044,5.2,20.0,20.0
2023-11-13 12:00:00+00:00,3.035000000000082,8.8,19.9,20.0
2023-11-13 18:00:00+00:00,2.5839999999998327,12.3,20.0,19.0
2023-11-14 00:00:00+00:00,2.3940000000000055,12.3,19.8,20.0
2023-11-14 06:00:00+00:00,3.5570000000000164,12.3,19.8,20.0
2023-11-14 12:00:00+00:00,1.8269999999997708,12.9,19.9,20.0
2023-11-14 18:00:00+00:00,2.8070000000002437,11.3,19.9,19.0
2023-11-15 00:00:00+00:00,3.1490000000001146,10.0,19.9,20.0
2023-11-15 06:00:00+00:00,4.258999999999787,10.0,20.1,20.0
2023-11-15 12:00:00+00:00,1.6980000000000928,11.1,20.0,20.0
2023-11-15 18:00:00+00:00,1.3910000000000764,10.8,19.9,19.0
2023-11-16 00:00:00+00:00,0.8059999999998126,9.7,21.2,20.0
2023-11-16 06:00:00+00:00,2.925999999999931,7.4,19.9,20.0
2023-11-16 12:00:00+00:00,3.5260000000000673,7.8,19.6,20.0
2023-11-16 18:00:00+00:00,4.705000000000155,7.2,19.8,19.0
2023-11-17 00:00:00+00:00,5.606999999999971,5.3,19.6,20.0
2023-11-17 06:00:00+00:00,7.86200000000008,4.3,19.7,20.0
2023-11-17 12:00:00+00:00,4.169999999999845,6.2,19.7,20.0
2023-11-17 18:00:00+00:00,3.0,6.5,21.0,19.0
2023-11-18 00:00:00+00:00,0.06399999999985084,3.8,21.8,20.0
2023-11-18 06:00:00+00:00,3.8030000000003383,4.7,20.0,20.0
2023-11-18 12:00:00+00:00,4.097999999999956,6.4,19.8,20.0
2023-11-18 18:00:00+00:00,4.685999999999694,8.3,20.6,19.0
2023-11-19 00:00:00+00:00,0.04500000000007276,11.9,22.8,20.0
2023-11-19 06:00:00+00:00,0.03199999999992542,11.2,20.8,20.0
2023-11-19 12:00:00+00:00,1.081000000000131,12.4,20.0,20.0
2023-11-19 18:00:00+00:00,1.8179999999999836,12.2,19.9,19.0
2023-11-20 00:00:00+00:00,0.2980000000000018,11.9,21.2,20.0
2023-11-20 06:00:00+00:00,1.9639999999999418,10.7,19.9,20.0
2023-11-20 12:00:00+00:00,2.2640000000001237,10.5,19.8,20.0
2023-11-20 18:00:00+00:00,2.43100000000004,10.2,19.8,19.0
2023-11-21 00:00:00+00:00,3.63799999999992,7.5,19.8,20.0
2023-11-21 06:00:00+00:00,4.608999999999924,8.5,20.0,20.0
2023-11-21 12:00:00+00:00,2.144999999999982,9.8,19.8,20.0
2023-11-21 18:00:00+00:00,3.6920000000002346,8.1,19.9,19.0
2023-11-22 00:00:00+00:00,4.31899999999996,6.0,19.9,20.0
2023-11-22 06:00:00+00:00,6.361999999999853,4.3,20.0,20.0
2023-11-22 12:00:00+00:00,3.7390000000000327,5.4,19.9,20.0
2023-11-22 18:00:00+00:00,3.793999999999869,6.7,21.0,19.0
2023-11-23 00:00:00+00:00,0.04500000000007276,8.3,22.2,20.0
2023-11-23 06:00:00+00:00,1.3800000000001091,9.4,20.3,20.0
2023-11-23 12:00:00+00:00,1.3479999999999563,11.6,20.0,20.0
2023-11-23 18:00:00+00:00,1.8979999999999109,12.6,19.8,19.0
2023-11-24 00:00:00+00:00,2.8850000000002183,10.2,19.8,20.0
2023-11-24 06:00:00+00:00,5.1469999999999345,7.0,19.9,20.0
2023-11-24 12:00:00+00:00,4.048999999999978,5.5,19.8,20.0
2023-11-24 18:00:00+00:00,4.375,5.0,20.1,19.0
2023-11-25 00:00:00+00:00,0.06299999999987449,4.6,21.3,20.0
2023-11-25 06:00:00+00:00,5.2990000000002055,3.9,19.8,20.0
2023-11-25 12:00:00+00:00,4.309999999999945,5.3,19.6,20.0
2023-11-25 18:00:00+00:00,4.984000000000151,5.6,20.2,19.0
2023-11-26 00:00:00+00:00,0.06399999999985084,3.0,21.4,20.0
2023-11-26 06:00:00+00:00,7.589999999999918,3.1,19.8,20.0
2023-11-26 12:00:00+00:00,4.144999999999982,5.9,19.7,20.0
2023-11-26 18:00:00+00:00,4.893000000000029,6.5,19.8,19.0
2023-11-27 00:00:00+00:00,5.397999999999911,5.5,19.8,20.0
2023-11-27 06:00:00+00:00,7.162000000000035,5.0,19.8,20.0
2023-11-27 12:00:00+00:00,4.772999999999911,4.9,19.6,20.0
2023-11-27 18:00:00+00:00,6.221000000000231,4.1,19.7,19.0
2023-11-28 00:00:00+00:00,7.336000000000013,2.8,19.8,20.0
2023-11-28 06:00:00+00:00,11.044999999999845,1.4,19.9,20.0
2023-11-28 12:00:00+00:00,5.976000000000113,2.5,19.8,20.0
2023-11-28 18:00:00+00:00,4.632000000000062,2.8,19.8,19.0
2023-11-29 00:00:00+00:00,8.884999999999991,2.3,19.5,20.0
2023-11-29 06:00:00+00:00,9.820999999999913,2.8,19.7,20.0
2023-11-29 12:00:00+00:00,6.532999999999902,2.3,19.7,19.3
2023-11-29 18:00:00+00:00,7.729000000000269,2.0,20.2,19.0
2023-11-30 00:00:00+00:00,0.06399999999985084,1.1,21.0,20.0
2023-11-30 06:00:00+00:00,13.027000000000044,1.1,19.6,20.0
2023-11-30 12:00:00+00:00,8.495999999999867,0.7,19.6,20.0
2023-11-30 18:00:00+00:00,5.955000000000155,1.0,19.8,19.0
2023-12-01 00:00:00+00:00,12.018000000000029,-0.4,19.3,20.0
2023-12-01 06:00:00+00:00,18.00099999999975,-0.5,19.7,20.0
2023-12-01 12:00:00+00:00,7.665000000000191,-0.4,19.7,20.0
2023-12-01 18:00:00+00:00,8.944999999999936,-1.6,20.6,19.0
2023-12-02 00:00:00+00:00,0.06300000000010186,-3.0,20.6,20.0
2023-12-02 06:00:00+00:00,16.9079999999999,-3.7,19.6,20.0
2023-12-02 12:00:00+00:00,15.803000000000111,-1.7,19.7,20.0
2023-12-02 18:00:00+00:00,10.279999999999745,0.5,20.2,19.0
2023-12-03 00:00:00+00:00,0.06100000000014916,0.1,20.9,20.0
2023-12-03 06:00:00+00:00,13.970000000000027,0.3,19.5,20.0
2023-12-03 12:00:00+00:00,10.691000000000031,-0.4,19.4,20.0
2023-12-03 18:00:00+00:00,12.057999999999993,1.0,19.9,20.0
2023-12-04 00:00:00+00:00,4.1720000000000255,0.5,21.0,20.0
2023-12-04 06:00:00+00:00,12.024999999999864,0.6,19.6,20.0
2023-12-04 12:00:00+00:00,11.365000000000236,1.7,20.0,20.0
2023-12-04 18:00:00+00:00,9.09699999999998,2.2,21.1,20.0
2023-12-05 00:00:00+00:00,0.056999999999789,1.7,21.8,20.0
2023-12-05 06:00:00+00:00,7.366000000000213,1.6,19.9,20.0
2023-12-05 12:00:00+00:00,12.619999999999663,1.8,19.9,20.0
2023-12-05 18:00:00+00:00,11.661000000000286,1.8,20.0,20.0
2023-12-06 00:00:00+00:00,11.394999999999982,2.0,20.1,20.0
2023-12-06 06:00:00+00:00,9.600000000000136,2.9,20.0,20.0
2023-12-06 12:00:00+00:00,6.363999999999805,3.6,20.0,20.0
2023-12-06 18:00:00+00:00,6.81899999999996,2.7,20.0,20.0
2023-12-07 00:00:00+00:00,1.6539999999999964,-1.0,21.4,20.0
2023-12-07 06:00:00+00:00,9.279999999999973,-1.9,19.7,20.0
2023-12-07 12:00:00+00:00,16.95900000000006,-0.2,19.8,20.0
2023-12-07 18:00:00+00:00,14.884999999999991,0.9,20.0,20.0
2023-12-08 00:00:00+00:00,11.367999999999938,1.7,20.0,20.0
2023-12-08 06:00:00+00:00,9.945999999999913,2.1,20.0,20.0
2023-12-08 12:00:00+00:00,8.509000000000015,4.0,20.0,20.0
2023-12-08 18:00:00+00:00,5.4370000000001255,7.0,20.5,20.0
2023-12-09 00:00:00+00:00,0.5740000000000691,5.7,22.2,20.0
2023-12-09 06:00:00+00:00,2.6269999999999527,5.0,20.1,20.0
2023-12-09 12:00:00+00:00,6.268000000000029,6.9,20.0,20.0
2023-12-09 18:00:00+00:00,5.3659999999999854,7.6,20.2,20.0
2023-12-10 00:00:00+00:00,0.7869999999998072,8.5,22.5,20.0
2023-12-10 06:00:00+00:00,0.5780000000002019,8.0,20.2,20.0
2023-12-10 12:00:00+00:00,4.919000000000096,9.1,20.0,20.0
2023-12-10 18:00:00+00:00,4.557999999999765,8.7,19.9,20.0
2023-12-11 00:00:00+00:00,4.089999999999918,8.7,20.0,20.0
2023-12-11 06:00:00+00:00,4.441000000000258,9.1,19.8,20.0
2023-12-11 12:00:00+00:00,4.0779999999999745,8.8,20.0,20.0
2023-12-11 18:00:00+00:00,4.185999999999922,8.1,20.0,20.0
2023-12-12 00:00:00+00:00,4.573000000000093,7.4,20.0,20.0
2023-12-12 06:00:00+00:00,5.8940000000000055,5.1,20.0,20.0
2023-12-12 12:00:00+00:00,4.135999999999967,7.5,20.0,20.0
2023-12-12 18:00:00+00:00,3.4039999999999964,9.0,20.0,20.0
2023-12-13 00:00:00+00:00,4.651999999999816,7.6,20.0,20.0
2023-12-13 06:00:00+00:00,4.947000000000116,7.3,20.0,20.0
2023-12-13 12:00:00+00:00,3.405999999999949,8.6,20.0,20.0
2023-12-13 18:00:00+00:00,4.182999999999993,8.4,20.0,20.0
2023-12-14 00:00:00+00:00,0.04800000000000182,5.8,21.2,20.0
2023-12-14 06:00:00+00:00,4.167000000000144,4.8,20.0,20.0
2023-12-14 12:00:00+00:00,5.777000000000044,4.8,19.9,20.0
2023-12-14 18:00:00+00:00,6.129999999999882,5.7,20.0,20.0
2023-12-15 00:00:00+00:00,6.042999999999893,6.1,20.0,20.0
2023-12-15 06:00:00+00:00,5.11200000000008,6.6,20.0,20.0
2023-12-15 12:00:00+00:00,3.4610000000000127,8.1,20.0,20.0
2023-12-15 18:00:00+00:00,2.8450000000000273,8.6,21.3,20.0
2023-12-16 00:00:00+00:00,0.03999999999996362,7.8,22.1,20.0
2023-12-16 06:00:00+00:00,2.4629999999999654,5.0,20.1,20.0
2023-12-16 12:00:00+00:00,5.710000000000264,7.1,20.0,20.0
2023-12-16 18:00:00+00:00,3.018999999999778,9.5,21.2,20.0
2023-12-17 00:00:00+00:00,0.04100000000016735,10.1,22.4,20.0
2023-12-17 06:00:00+00:00,0.03099999999994907,9.6,20.2,20.0
2023-12-17 12:00:00+00:00,4.117999999999938,9.1,20.0,20.0
2023-12-17 18:00:00+00:00,3.2760000000000673,7.1,20.6,20.0
2023-12-18 00:00:00+00:00,0.5029999999999291,6.9,21.6,20.0
2023-12-18 06:00:00+00:00,3.092999999999847,7.5,19.9,20.0
2023-12-18 12:00:00+00:00,5.254000000000133,8.3,20.0,20.0
2023-12-18 18:00:00+00:00,3.737999999999829,8.5,20.0,20.0
2023-12-19 00:00:00+00:00,4.539000000000215,7.4,20.0,20.0
2023-12-19 06:00:00+00:00,5.183999999999969,7.6,20.0,20.0
2023-12-19 12:00:00+00:00,3.7470000000002983,8.7,20.0,20.0
2023-12-19 18:00:00+00:00,3.312999999999647,8.8,20.0,20.0
2023-12-20 00:00:00+00:00,5.184999999999945,6.2,20.0,20.0
2023-12-20 06:00:00+00:00,5.079999999999927,6.4,20.0,20.0
2023-12-20 12:00:00+00:00,4.045000000000073,8.4,20.0,20.0
2023-12-20 18:00:00+00:00,4.389000000000124,8.6,20.4,20.0
2023-12-21 00:00:00+00:00,0.13500000000021828,9.0,21.6,20.0
2023-12-21 06:00:00+00:00,2.0029999999997017,9.6,20.0,20.0
2023-12-21 12:00:00+00:00,5.104000000000269,10.2,20.0,20.0
2023-12-21 18:00:00+00:00,3.338999999999487,9.2,19.9,20.0
2023-12-22 00:00:00+00:00,5.291000000000622,6.3,19.8,20.0
2023-12-22 06:00:00+00:00,5.720999999999549,6.6,20.0,20.0
2023-12-22 12:00:00+00:00,0.7290000000002692,8.6,19.6,19.5
2023-12-22 18:00:00+00:00,4.7710000000001855,10.2,19.5,19.5
2023-12-23 00:00:00+00:00,4.0099999999997635,7.0,19.4,19.5
2023-12-23 06:00:00+00:00,4.826000000000022,8.2,19.5,19.5
2023-12-23 12:00:00+00:00,3.925999999999931,10.0,19.5,19.5
2023-12-23 18:00:00+00:00,3.463999999999942,10.2,19.5,19.5
2023-12-24 00:00:00+00:00,4.11200000000008,10.1,19.5,19.5
2023-12-24 06:00:00+00:00,4.41399999999976,9.6,19.5,19.5
2023-12-24 12:00:00+00:00,1.1990000000000691,11.2,19.1,19.0
2023-12-24 18:00:00+00:00,1.9870000000005348,11.8,19.0,19.0
2023-12-25 00:00:00+00:00,3.587999999999738,11.6,19.0,19.0
2023-12-25 06:00:00+00:00,2.893000000000029,10.9,19.0,19.0
2023-12-25 12:00:00+00:00,2.7710000000001855,11.1,19.0,19.0
2023-12-25 18:00:00+00:00,0.041999999999916326,11.2,18.6,18.5
2023-12-26 00:00:00+00:00,3.3599999999996726,10.1,18.5,18.5
2023-12-26 06:00:00+00:00,3.1119999999996253,8.6,18.5,18.5
2023-12-26 12:00:00+00:00,5.143000000000484,8.1,18.9,19.0
2023-12-26 18:00:00+00:00,4.536000000000058,7.0,19.0,19.0
2023-12-27 00:00:00+00:00,5.457999999999629,2.4,19.0,19.0
2023-12-27 06:00:00+00:00,6.984000000000378,2.9,19.0,19.0
2023-12-27 12:00:00+00:00,5.322999999999865,6.4,19.1,19.5
2023-12-27 18:00:00+00:00,5.266999999999825,7.8,19.4,19.5
2023-12-28 00:00:00+00:00,5.348000000000411,8.5,19.5,20.0
2023-12-28 06:00:00+00:00,5.015999999999622,9.7,19.7,20.0
2023-12-28 12:00:00+00:00,4.769000000000233,10.4,19.7,20.0
2023-12-28 18:00:00+00:00,4.91800000000012,10.6,19.9,20.0
2023-12-29 00:00:00+00:00,4.95299999999952,9.7,20.0,20.0
2023-12-29 06:00:00+00:00,4.907000000000153,9.2,20.0,20.0
2023-12-29 12:00:00+00:00,2.119000000000142,10.1,20.0,20.0
2023-12-29 18:00:00+00:00,3.436000000000149,8.2,20.0,20.0
2023-12-30 00:00:00+00:00,3.588999999999942,6.6,19.9,20.0
2023-12-30 06:00:00+00:00,6.1479999999996835,5.6,20.0,20.0
2023-12-30 12:00:00+00:00,4.807000000000244,6.3,20.0,20.0
2023-12-30 18:00:00+00:00,4.610000000000127,8.4,20.0,20.0
2023-12-31 00:00:00+00:00,2.88799999999992,8.3,21.2,20.0
2023-12-31 06:00:00+00:00,0.0340000000001055,8.4,20.2,20.0
2023-12-31 12:00:00+00:00,5.076999999999771,8.2,20.0,20.0
2023-12-31 18:00:00+00:00,4.1030000000000655,8.1,21.3,20.0
2024-01-01 00:00:00+00:00,0.04399999999986903,7.4,21.9,20.0
2024-01-01 06:00:00+00:00,2.1019999999998618,6.8,20.0,20.0
2024-01-01 12:00:00+00:00,5.038000000000011,7.7,20.0,20.0
2024-01-01 18:00:00+00:00,4.221000000000004,6.5,20.3,20.0
2024-01-02 00:00:00+00:00,1.086999999999989,5.9,21.6,20.0
2024-01-02 06:00:00+00:00,3.3020000000001346,7.8,20.0,20.0
2024-01-02 12:00:00+00:00,4.374000000000251,10.4,19.9,20.0
2024-01-02 18:00:00+00:00,3.8519999999998618,10.7,20.0,20.0
2024-01-03 00:00:00+00:00,4.691000000000258,9.7,19.9,20.0
2024-01-03 06:00:00+00:00,4.993999999999687,9.4,20.0,20.0
2024-01-03 12:00:00+00:00,3.036000000000058,9.2,20.0,20.0
2024-01-03 18:00:00+00:00,3.0130000000003747,8.5,19.8,19.0
2024-01-04 00:00:00+00:00,3.669999999999618,7.5,19.9,20.0
2024-01-04 06:00:00+00:00,5.124000000000251,7.1,19.9,20.0
2024-01-04 12:00:00+00:00,3.9359999999996944,7.5,19.9,20.0
2024-01-04 18:00:00+00:00,3.2460000000000946,6.9,19.9,19.0
2024-01-05 00:00:00+00:00,4.572000000000116,6.4,19.7,20.0
2024-01-05 06:00:00+00:00,5.074999999999818,7.3,19.9,20.0
2024-01-05 12:00:00+00:00,1.8350000000000364,6.5,19.8,20.0
2024-01-05 18:00:00+00:00,5.210000000000036,6.7,20.0,19.0
2024-01-06 00:00:00+00:00,0.04599999999982174,5.6,21.5,20.0
2024-01-06 06:00:00+00:00,3.532000000000153,4.0,20.0,20.0
2024-01-06 12:00:00+00:00,5.847999999999956,3.8,19.8,20.0
2024-01-06 18:00:00+00:00,6.041000000000167,3.2,19.9,19.0
2024-01-07 00:00:00+00:00,0.07899999999972351,1.8,21.5,20.0
2024-01-07 06:00:00+00:00,9.087000000000444,0.8,20.0,20.0
2024-01-07 12:00:00+00:00,7.108999999999469,0.6,19.8,20.0
2024-01-07 18:00:00+00:00,8.60300000000052,-0.5,19.9,20.0
2024-01-08 00:00:00+00:00,12.356999999999516,-1.1,19.9,20.0
2024-01-08 06:00:00+00:00,11.873000000000047,-1.9,19.9,20.0
2024-01-08 12:00:00+00:00,11.10400000000027,-0.6,20.0,20.0
2024-01-08 18:00:00+00:00,9.478000000000065,-1.6,20.0,20.0
2024-01-09 00:00:00+00:00,2.74599999999964,-3.2,21.2,20.0
2024-01-09 06:00:00+00:00,14.748000000000047,-4.5,19.5,20.0
2024-01-09 12:00:00+00:00,14.298999999999978,-4.0,19.9,20.0
2024-01-09 18:00:00+00:00,8.667000000000371,-2.3,20.1,20.0
2024-01-10 00:00:00+00:00,13.47899999999936,-3.6,19.7,20.0
2024-01-10 06:00:00+00:00,13.941000000000258,-4.7,19.7,20.0
2024-01-10 12:00:00+00:00,11.654999999999745,-3.3,19.9,20.0
2024-01-10 18:00:00+00:00,8.208000000000538,-2.0,19.9,20.0
2024-01-11 00:00:00+00:00,12.065000000000055,-4.1,19.8,20.0
2024-01-11 06:00:00+00:00,14.450999999999567,-5.6,19.7,20.0
2024-01-11 12:00:00+00:00,14.613000000000284,-2.3,19.8,20.0
2024-01-11 18:00:00+00:00,8.416999999999916,2.2,19.7,20.0
2024-01-12 00:00:00+00:00,6.815000000000055,4.0,19.5,20.0
2024-01-12 06:00:00+00:00,7.69399999999996,3.3,19.6,20.0
2024-01-12 12:00:00+00:00,7.302999999999884,4.6,19.8,20.0
2024-01-12 18:00:00+00:00,5.894000000000233,4.5,20.2,20.0
2024-01-13 00:00:00+00:00,1.0190000000002328,3.5,21.4,20.0
2024-01-13 06:00:00+00:00,5.5659999999998035,3.4,19.8,20.0
2024-01-13 12:00:00+00:00,6.736999999999625,4.1,19.8,20.0
2024-01-13 18:00:00+00:00,5.945000000000164,5.0,20.4,20.0
2024-01-14 00:00:00+00:00,0.5789999999997235,4.6,21.3,20.0
2024-01-14 06:00:00+00:00,4.51700000000028,3.3,20.0,20.0
2024-01-14 12:00:00+00:00,7.701000000000022,3.5,20.0,20.0
2024-01-14 18:00:00+00:00,6.26299999999992,3.8,20.4,20.0
2024-01-15 00:00:00+00:00,0.7140000000003965,1.8,21.8,20.0
2024-01-15 06:00:00+00:00,5.109999999999673,1.2,20.0,20.0
2024-01-15 12:00:00+00:00,10.900000000000091,1.4,20.0,20.0
2024-01-15 18:00:00+00:00,7.106000000000222,1.7,20.2,20.0
2024-01-16 00:00:00+00:00,1.5679999999997563,0.1,21.1,20.0
2024-01-16 06:00:00+00:00,9.27099999999973,-0.0,19.9,20.0
2024-01-16 12:00:00+00:00,9.32300000000032,0.3,19.7,20.0
2024-01-16 18:00:00+00:00,6.1340000000000146,0.7,19.7,20.0
2024-01-17 00:00:00+00:00,11.4050000000002,-1.1,19.5,20.0
2024-01-17 06:00:00+00:00,14.026999999999589,-2.4,19.5,20.0
2024-01-17 12:00:00+00:00,13.345000000000255,-1.3,19.7,20.0
2024-01-17 18:00:00+00:00,7.474999999999454,-0.1,20.6,20.0
2024-01-18 00:00:00+00:00,0.12100000000054933,-1.0,21.0,20.0
2024-01-18 06:00:00+00:00,14.049999999999727,-3.9,19.4,20.0
2024-01-18 12:00:00+00:00,14.97900000000027,-1.8,20.0,20.0
2024-01-18 18:00:00+00:00,8.703999999999724,-0.1,20.1,20.0
2024-01-19 00:00:00+00:00,14.963999999999942,-2.3,20.0,20.0
2024-01-19 06:00:00+00:00,12.809000000000196,-1.8,20.0,20.0
2024-01-19 12:00:00+00:00,11.590000000000146,-0.3,20.1,20.0
2024-01-19 18:00:00+00:00,4.864999999999782,1.4,20.0,20.0
2024-01-20 00:00:00+00:00,3.7600000000002183,-1.0,21.2,20.0
2024-01-20 06:00:00+00:00,12.226999999999862,-1.7,19.9,20.0
2024-01-20 12:00:00+00:00,13.53399999999965,-0.4,19.9,20.0
2024-01-20 18:00:00+00:00,9.589000000000397,0.3,20.0,20.0
2024-01-21 00:00:00+00:00,10.696999999999662,-1.3,19.9,20.0
2024-01-21 06:00:00+00:00,12.898000000000138,-0.4,19.8,20.0
2024-01-21 12:00:00+00:00,9.590000000000146,2.6,19.8,20.0
2024-01-21 18:00:00+00:00,7.427000000000135,4.6,20.1,20.0
2024-01-22 00:00:00+00:00,1.5149999999998727,6.3,21.4,20.0
2024-01-22 06:00:00+00:00,3.632999999999811,9.7,19.8,20.0
2024-01-22 12:00:00+00:00,4.673999999999978,9.7,20.1,20.0
2024-01-22 18:00:00+00:00,2.4460000000003674,8.2,20.0,20.0
2024-01-23 00:00:00+00:00,1.4279999999998836,6.8,21.6,20.0
2024-01-23 06:00:00+00:00,3.719000000000051,5.9,19.9,20.0
2024-01-23 12:00:00+00:00,5.724999999999909,6.1,19.9,20.0
2024-01-23 18:00:00+00:00,5.071999999999662,7.6,19.8,20.0
2024-01-24 00:00:00+00:00,4.998000000000502,10.7,19.9,20.0
2024-01-24 06:00:00+00:00,4.304000000000087,10.3,20.0,20.0
2024-01-24 12:00:00+00:00,2.556999999999789,9.4,20.0,20.0
2024-01-24 18:00:00+00:00,4.645999999999731,8.9,20.0,20.0
2024-01-25 00:00:00+00:00,1.4490000000000691,7.8,21.4,20.0
2024-01-25 06:00:00+00:00,3.5640000000003056,4.1,19.9,20.0
2024-01-25 12:00:00+00:00,8.170000000000073,4.8,19.8,20.0
2024-01-25 18:00:00+00:00,5.186999999999898,7.7,19.9,20.0
2024-01-26 00:00:00+00:00,4.9099999999998545,8.8,20.0,20.0
2024-01-26 06:00:00+00:00,4.1479999999996835,9.9,20.0,20.0
2024-01-26 12:00:00+00:00,1.9000000000005457,8.8,20.1,20.0
2024-01-26 18:00:00+00:00,2.6269999999999527,6.5,21.0,20.0
2024-01-27 00:00:00+00:00,0.06899999999995998,2.5,21.7,20.0
2024-01-27 06:00:00+00:00,7.294999999999618,-0.0,19.8,20.0
2024-01-27 12:00:00+00:00,8.596000000000004,2.7,19.9,20.0
2024-01-27 18:00:00+00:00,3.2140000000003965,4.7,19.8,20.0
2024-01-28 00:00:00+00:00,7.9539999999997235,0.6,19.8,20.0
2024-01-28 06:00:00+00:00,10.666000000000167,-1.4,19.6,20.0
2024-01-28 12:00:00+00:00,8.8149999999996,1.0,20.0,20.0
2024-01-28 18:00:00+00:00,2.0770000000006803,4.9,20.0,20.0
2024-01-29 00:00:00+00:00,2.755999999999858,2.2,21.0,20.0
2024-01-29 06:00:00+00:00,7.229000000000269,0.4,19.7,20.0
2024-01-29 12:00:00+00:00,7.832999999999629,4.2,19.9,20.0
2024-01-29 18:00:00+00:00,3.5419999999999163,7.9,20.4,20.0
2024-01-30 00:00:00+00:00,0.9679999999998472,5.4,22.2,20.0
2024-01-30 06:00:00+00:00,0.07900000000017826,6.1,20.3,20.0
2024-01-30 12:00:00+00:00,5.847999999999956,8.6,20.0,20.0
2024-01-30 18:00:00+00:00,4.560999999999694,7.5,20.0,20.0
2024-01-31 00:00:00+00:00,7.77100000000064,5.3,19.9,20.0
2024-01-31 06:00:00+00:00,6.741999999999734,5.0,19.8,20.0
2024-01-31 12:00:00+00:00,5.639999999999873,6.1,20.0,20.0
2024-01-31 18:00:00+00:00,6.257000000000517,7.0,20.9,20.0
2024-02-01 00:00:00+00:00,0.04599999999936699,7.4,22.3,20.0
2024-02-01 06:00:00+00:00,0.10300000000006548,5.3,20.3,20.0
2024-02-01 12:00:00+00:00,6.1460000000001855,5.2,20.2,20.0
2024-02-01 18:00:00+00:00,2.6090000000003783,5.7,20.0,20.0
2024-02-02 00:00:00+00:00,7.5949999999998,4.4,19.8,20.0
2024-02-02 06:00:00+00:00,7.207999999999629,5.2,20.0,20.0
2024-02-02 12:00:00+00:00,3.8100000000004,7.3,20.0,20.0
2024-02-02 18:00:00+00:00,4.311000000000149,8.9,20.1,20.0
2024-02-03 00:00:00+00:00,0.04399999999986903,8.8,22.4,20.0
2024-02-03 06:00:00+00:00,0.032999999999901775,9.7,20.4,19.0
2024-02-03 12:00:00+00:00,2.664999999999509,10.6,20.0,20.0
2024-02-03 18:00:00+00:00,2.419000000000324,9.9,20.0,20.0
2024-02-04 00:00:00+00:00,2.5149999999998727,9.5,21.4,20.0
2024-02-04 06:00:00+00:00,2.6280000000001564,8.0,20.0,20.0
2024-02-04 12:00:00+00:00,4.676000000000386,9.5,20.0,20.0
2024-02-04 18:00:00+00:00,3.78899999999976,10.4,20.0,20.0
2024-02-05 00:00:00+00:00,1.8910000000000764,10.1,21.1,20.0
2024-02-05 06:00:00+00:00,0.2669999999998254,8.7,20.0,18.0
2024-02-05 12:00:00+00:00,6.507999999999811,9.5,20.0,20.0
2024-02-05 18:00:00+00:00,5.450000000000273,9.6,20.0,20.0
2024-02-06 00:00:00+00:00,3.0229999999996835,9.4,19.9,20.0
2024-02-06 06:00:00+00:00,0.04800000000022919,9.8,19.1,18.0
2024-02-06 12:00:00+00:00,6.438999999999851,11.1,19.7,20.0
2024-02-06 18:00:00+00:00,5.086999999999989,11.2,20.0,20.0
2024-02-07 00:00:00+00:00,6.401000000000295,7.9,20.0,20.0
2024-02-07 06:00:00+00:00,6.092000000000098,4.3,19.9,20.0
2024-02-07 12:00:00+00:00,5.491999999999734,4.8,20.1,20.0
2024-02-07 18:00:00+00:00,4.5219999999999345,5.5,20.3,20.0
2024-02-08 00:00:00+00:00,0.5050000000001091,1.7,21.6,20.0
2024-02-08 06:00:00+00:00,4.523000000000138,1.9,19.9,20.0
2024-02-08 12:00:00+00:00,9.005999999999858,3.3,19.8,20.0
2024-02-08 18:00:00+00:00,8.998000000000047,2.5,19.7,20.0
2024-02-09 00:00:00+00:00,8.864999999999782,3.6,19.8,20.0
2024-02-09 06:00:00+00:00,6.943000000000211,8.5,20.0,20.0
2024-02-09 12:00:00+00:00,3.4599999999995816,10.2,20.0,20.0
2024-02-09 18:00:00+00:00,1.8450000000002547,11.3,20.0,20.0
2024-02-10 00:00:00+00:00,4.165999999999713,9.3,20.0,20.0
2024-02-10 06:00:00+00:00,6.406000000000404,8.5,20.0,20.0
2024-02-10 12:00:00+00:00,1.8969999999999345,10.5,20.0,20.0
2024-02-10 18:00:00+00:00,2.3330000000000837,11.4,20.2,20.0
2024-02-11 00:00:00+00:00,0.041999999999916326,9.6,22.0,20.0
2024-02-11 06:00:00+00:00,0.03300000000035652,9.1,20.4,20.0
2024-02-11 12:00:00+00:00,3.3619999999996253,8.8,20.0,20.0
2024-02-11 18:00:00+00:00,4.985999999999876,9.1,20.0,20.0
2024-02-12 00:00:00+00:00,1.425000000000182,7.7,21.1,20.0
2024-02-12 06:00:00+00:00,3.2770000000000437,6.3,20.0,20.0
2024-02-12 12:00:00+00:00,5.342000000000098,7.9,20.0,20.0
2024-02-12 18:00:00+00:00,2.1979999999998654,7.9,20.0,20.0
2024-02-13 00:00:00+00:00,7.49599999999964,3.0,19.8,20.0
2024-02-13 06:00:00+00:00,7.543000000000575,2.0,19.8,20.0
2024-02-13 12:00:00+00:00,5.069999999999709,5.6,20.2,20.0
2024-02-13 18:00:00+00:00,3.9329999999999927,8.4,20.0,20.0
2024-02-14 00:00:00+00:00,5.743999999999687,7.3,20.0,20.0
2024-02-14 06:00:00+00:00,4.803000000000338,9.4,20.0,20.0
2024-02-14 12:00:00+00:00,1.5720000000001164,10.8,20.0,20.0
2024-02-14 18:00:00+00:00,3.338999999999942,11.3,20.0,20.0
2024-02-15 00:00:00+00:00,3.438999999999851,10.9,20.0,20.0
2024-02-15 06:00:00+00:00,5.48700000000008,11.0,20.0,20.0
2024-02-15 12:00:00+00:00,2.086999999999989,12.2,20.0,20.0
2024-02-15 18:00:00+00:00,1.8090000000001965,13.6,20.0,20.0
2024-02-16 00:00:00+00:00,3.9549999999999272,10.7,20.0,20.0
2024-02-16 06:00:00+00:00,3.1230000000000473,8.8,20.0,20.0
2024-02-16 12:00:00+00:00,4.152999999999793,10.5,20.0,20.0
2024-02-16 18:00:00+00:00,3.3659999999999854,11.0,20.0,20.0
2024-02-17 00:00:00+00:00,2.132000000000062,9.0,20.0,20.0
2024-02-17 06:00:00+00:00,4.416999999999916,8.6,20.0,20.0
2024-02-17 12:00:00+00:00,4.253000000000156,10.3,20.0,20.0
2024-02-17 18:00:00+00:00,2.981999999999971,11.5,20.0,20.0
2024-02-18 00:00:00+00:00,0.7989999999999782,9.9,21.3,20.0
2024-02-18 06:00:00+00:00,0.03600000000005821,9.4,20.1,20.0
2024-02-18 12:00:00+00:00,5.4090000000001055,8.8,20.0,20.0
2024-02-18 18:00:00+00:00,3.2239999999997053,9.1,20.0,20.0
2024-02-19 00:00:00+00:00,3.299999999999727,8.0,21.1,20.0
2024-02-19 06:00:00+00:00,1.2590000000004693,7.9,20.1,20.0
2024-02-19 12:00:00+00:00,5.403999999999996,9.6,20.0,20.0
2024-02-19 18:00:00+00:00,3.8649999999997817,8.9,20.0,20.0
2024-02-20 00:00:00+00:00,1.1400000000003274,5.6,22.3,20.0
2024-02-20 06:00:00+00:00,0.5670000000000073,5.5,20.2,20.0
2024-02-20 12:00:00+00:00,8.08999999999969,7.9,20.0,20.0
2024-02-20 18:00:00+00:00,2.8630000000002838,10.0,20.0,20.0
2024-02-21 00:00:00+00:00,5.664999999999509,8.9,20.0,20.0
2024-02-21 06:00:00+00:00,5.096000000000458,8.8,20.0,20.0
2024-02-21 12:00:00+00:00,4.596999999999753,9.7,20.0,20.0
2024-02-21 18:00:00+00:00,6.256000000000313,9.5,20.7,20.0
2024-02-22 00:00:00+00:00,0.04899999999997817,9.4,22.6,20.0
2024-02-22 06:00:00+00:00,0.03600000000005821,9.2,20.7,20.0
2024-02-22 12:00:00+00:00,2.786999999999807,10.3,19.9,20.0
2024-02-22 18:00:00+00:00,4.0479999999997744,11.8,20.0,20.0
2024-02-23 00:00:00+00:00,7.0779999999999745,5.9,19.9,20.0
2024-02-23 06:00:00+00:00,7.224000000000615,4.6,19.9,20.0
2024-02-23 12:00:00+00:00,7.149999999999636,6.6,19.8,20.0
2024-02-23 18:00:00+00:00,2.6019999999998618,7.7,20.6,20.0
2024-02-24 00:00:00+00:00,0.052999999999883585,4.4,21.6,20.0
2024-02-24 06:00:00+00:00,4.26299999999992,1.9,19.9,20.0
2024-02-24 12:00:00+00:00,6.4780000000000655,5.1,20.0,20.0
2024-02-24 18:00:00+00:00,5.527000000000044,6.1,20.1,20.0
2024-02-25 00:00:00+00:00,0.8110000000001492,4.6,21.2,20.0
2024-02-25 06:00:00+00:00,6.494999999999891,4.6,19.9,20.0
2024-02-25 12:00:00+00:00,4.950000000000273,7.6,20.1,20.0
2024-02-25 18:00:00+00:00,3.28899999999976,8.5,20.0,20.0
2024-02-26 00:00:00+00:00,7.755000000000109,5.3,19.9,20.0
2024-02-26 06:00:00+00:00,6.586999999999989,5.0,20.0,20.0
2024-02-26 12:00:00+00:00,6.49100000000044,5.6,19.8,20.0
2024-02-26 18:00:00+00:00,6.171999999999571,6.0,20.0,20.0
2024-02-27 00:00:00+00:00,7.59900000000016,4.1,20.0,20.0
2024-02-27 06:00:00+00:00,7.574000000000069,2.5,19.8,20.0
2024-02-27 12:00:00+00:00,6.142999999999574,5.2,20.1,20.0
2024-02-27 18:00:00+00:00,1.21100000000024,6.4,20.1,20.0
2024-02-28 00:00:00+00:00,8.031999999999698,3.3,19.7,20.0
2024-02-28 06:00:00+00:00,8.713000000000193,4.0,19.7,20.0
2024-02-28 12:00:00+00:00,6.632999999999811,7.4,20.0,20.0
2024-02-28 18:00:00+00:00,5.429000000000087,8.8,20.0,20.0
2024-02-29 00:00:00+00:00,1.7350000000001273,7.2,21.5,20.0
2024-02-29 06:00:00+00:00,2.2470000000002983,6.8,20.0,20.0
2024-02-29 12:00:00+00:00,6.605999999999767,8.0,20.0,20.0
2024-02-29 18:00:00+00:00,5.471000000000004,8.8,20.0,20.0
2024-03-01 00:00:00+00:00,5.967999999999847,8.5,20.0,20.0
2024-03-01 06:00:00+00:00,5.842000000000098,7.0,20.0,20.0
2024-03-01 12:00:00+00:00,3.780999999999949,7.3,20.1,20.0
2024-03-01 18:00:00+00:00,0.1000000000003638,8.4,19.8,18.0
2024-03-02 00:00:00+00:00,0.10099999999965803,6.6,21.9,20.0
2024-03-02 06:00:00+00:00,3.413000000000011,5.2,19.9,20.0
2024-03-02 12:00:00+00:00,4.388999999999669,7.8,20.2,20.0
2024-03-02 18:00:00+00:00,2.775000000000091,10.8,20.1,20.0
2024-03-03 00:00:00+00:00,2.749000000000251,8.8,20.0,20.0
2024-03-03 06:00:00+00:00,6.483000000000175,7.9,20.0,20.0
2024-03-03 12:00:00+00:00,2.9989999999997963,11.4,20.2,20.0
2024-03-03 18:00:00+00:00,1.4880000000002838,12.9,20.0,20.0
2024-03-04 00:00:00+00:00,4.3299999999994725,8.5,19.9,20.0
2024-03-04 06:00:00+00:00,6.8200000000006185,7.1,20.0,20.0
2024-03-04 12:00:00+00:00,4.085999999999331,8.8,20.2,20.0
2024-03-04 18:00:00+00:00,0.04899999999997817,9.1,20.4,20.0
2024-03-05 00:00:00+00:00,6.41800000000012,3.7,19.8,20.0
2024-03-05 06:00:00+00:00,7.169000000000324,3.2,19.8,20.0
2024-03-05 12:00:00+00:00,5.971999999999753,6.5,20.0,20.0
2024-03-05 18:00:00+00:00,4.98700000000008,8.1,20.0,20.0
2024-03-06 00:00:00+00:00,5.666000000000167,6.6,20.0,20.0
2024-03-06 06:00:00+00:00,5.692000000000007,5.9,20.0,20.0
2024-03-06 12:00:00+00:00,4.433999999999742,8.3,20.4,20.0
2024-03-06 18:00:00+00:00,0.041999999999916326,10.5,20.6,20.0
2024-03-07 00:00:00+00:00,5.4520000000002256,5.1,20.0,20.0
2024-03-07 06:00:00+00:00,6.88799999999992,3.4,20.0,20.0
2024-03-07 12:00:00+00:00,3.7200000000002547,6.3,20.4,20.0
2024-03-07 18:00:00+00:00,0.038000000000010914,7.7,20.3,20.0
2024-03-08 00:00:00+00:00,7.992999999999938,3.1,19.7,20.0
2024-03-08 06:00:00+00:00,8.042999999999665,0.5,19.5,20.0
2024-03-08 12:00:00+00:00,6.536000000000058,4.7,20.1,20.0
2024-03-08 18:00:00+00:00,1.5700000000001637,8.2,20.4,20.0
2024-03-09 00:00:00+00:00,6.838999999999942,3.8,19.9,20.0
2024-03-09 06:00:00+00:00,7.356999999999971,2.0,19.8,20.0
2024-03-09 12:00:00+00:00,5.579000000000178,7.6,20.3,20.0
2024-03-09 18:00:00+00:00,0.04399999999986903,12.1,20.2,20.0
2024-03-10 00:00:00+00:00,5.343000000000302,8.3,20.0,20.0
2024-03-10 06:00:00+00:00,5.886999999999716,6.3,20.0,20.0
2024-03-10 12:00:00+00:00,5.389999999999873,9.2,20.0,20.0
2024-03-10 18:00:00+00:00,2.356999999999971,11.2,19.9,20.0
2024-03-11 00:00:00+00:00,5.653999999999996,8.3,20.0,20.0
2024-03-11 06:00:00+00:00,4.9220000000000255,6.9,20.0,20.0
2024-03-11 12:00:00+00:00,5.088999999999942,7.0,19.9,20.0
2024-03-11 18:00:00+00:00,4.527000000000498,7.2,20.0,20.0
2024-03-12 00:00:00+00:00,5.630000000000109,7.0,20.0,20.0
2024-03-12 06:00:00+00:00,5.819999999999709,6.8,20.0,20.0
2024-03-12 12:00:00+00:00,4.3409999999998945,8.2,20.0,20.0
2024-03-12 18:00:00+00:00,2.701000000000022,10.8,20.0,20.0
2024-03-13 00:00:00+00:00,4.872000000000298,8.8,20.0,20.0
2024-03-13 06:00:00+00:00,3.8469999999997526,9.8,20.0,20.0
2024-03-13 12:00:00+00:00,2.980000000000018,11.2,20.0,20.0
2024-03-13 18:00:00+00:00,2.782000000000153,12.2,20.0,20.0
2024-03-14 00:00:00+00:00,3.832999999999629,10.5,20.0,20.0
2024-03-14 06:00:00+00:00,4.976999999999862,7.1,20.0,20.0
2024-03-14 12:00:00+00:00,1.3230000000003201,12.0,20.6,20.0
2024-03-14 18:00:00+00:00,0.03500000000030923,15.9,20.7,20.0
2024-03-15 00:00:00+00:00,1.4739999999997053,11.5,20.0,20.0
2024-03-15 06:00:00+00:00,2.6280000000001564,11.2,20.0,20.0
2024-03-15 12:00:00+00:00,1.1809999999995853,13.9,20.1,20.0
2024-03-15 18:00:00+00:00,0.038000000000010914,14.1,20.1,20.0
2024-03-16 00:00:00+00:00,0.037000000000261934,10.4,21.8,20.0
2024-03-16 06:00:00+00:00,0.1269999999999527,7.5,20.2,20.0
2024-03-16 12:00:00+00:00,5.99599999999964,9.1,20.1,20.0
2024-03-16 18:00:00+00:00,2.154000000000451,9.5,20.0,20.0
2024-03-17 00:00:00+00:00,2.143000000000029,4.2,21.8,20.0
2024-03-17 06:00:00+00:00,3.38799999999992,5.1,20.2,20.0
2024-03-17 12:00:00+00:00,3.7580000000002656,10.7,20.0,20.0
2024-03-17 18:00:00+00:00,2.4159999999997126,12.7,19.9,20.0
2024-03-18 00:00:00+00:00,3.687999999999647,10.6,20.0,20.0
2024-03-18 06:00:00+00:00,3.4940000000005966,10.3,20.0,20.0
2024-03-18 12:00:00+00:00,2.8779999999997017,12.3,20.5,20.0
2024-03-18 18:00:00+00:00,0.03900000000021464,13.3,20.7,20.0
2024-03-19 00:00:00+00:00,1.8679999999999382,7.2,20.0,20.0
2024-03-19 06:00:00+00:00,5.003000000000156,8.9,20.0,20.0
2024-03-19 12:00:00+00:00,2.18100000000004,13.4,20.2,20.0
2024-03-19 18:00:00+00:00,0.04399999999986903,14.5,20.3,20.0
2024-03-20 00:00:00+00:00,2.213999999999942,10.6,20.0,20.0
2024-03-20 06:00:00+00:00,5.989999999999782,8.1,20.0,20.0
2024-03-20 12:00:00+00:00,1.3969999999999345,13.7,20.1,20.0
2024-03-20 18:00:00+00:00,0.038000000000010914,16.1,20.1,20.0
2024-03-21 00:00:00+00:00,2.804000000000542,10.7,19.9,20.0
2024-03-21 06:00:00+00:00,3.9549999999994725,8.8,20.0,20.0
2024-03-21 12:00:00+00:00,3.923999999999978,10.2,20.0,20.0
2024-03-21 18:00:00+00:00,3.1970000000001164,10.8,20.0,20.0
2024-03-22 00:00:00+00:00,4.145999999999731,10.0,20.0,20.0
2024-03-22 06:00:00+00:00,3.6620000000007167,9.8,20.0,20.0
2024-03-22 12:00:00+00:00,3.800999999999476,10.3,20.0,20.0
2024-03-22 18:00:00+00:00,2.529000000000451,10.0,20.3,20.0
2024-03-23 00:00:00+00:00,0.04699999999957072,7.2,21.9,20.0
2024-03-23 06:00:00+00:00,2.3320000000003347,4.2,20.0,20.0
2024-03-23 12:00:00+00:00,4.2479999999995925,8.6,20.1,20.0
2024-03-23 18:00:00+00:00,2.48700000000008,8.5,20.0,20.0
2024-03-24 00:00:00+00:00,5.250000000000455,5.5,20.0,20.0
2024-03-24 06:00:00+00:00,7.490999999999531,5.1,20.0,20.0
2024-03-24 12:00:00+00:00,2.2789999999999964,7.0,19.8,19.0
2024-03-24 18:00:00+00:00,2.813000000000102,7.4,19.9,20.0
2024-03-25 00:00:00+00:00,7.356999999999971,4.8,20.0,20.0
2024-03-25 06:00:00+00:00,7.4099999999998545,1.7,19.8,20.0
2024-03-25 12:00:00+00:00,3.1960000000003674,8.5,20.3,20.0
2024-03-25 18:00:00+00:00,0.03699999999980719,11.0,20.4,20.0
2024-03-26 00:00:00+00:00,4.635999999999967,6.1,20.0,20.0
2024-03-26 06:00:00+00:00,7.291999999999916,3.4,19.9,20.0
2024-03-26 12:00:00+00:00,2.769000000000233,9.4,20.2,20.0
2024-03-26 18:00:00+00:00,1.6900000000000546,11.7,20.0,20.0
2024-03-27 00:00:00+00:00,4.438999999999396,9.6,20.0,20.0
2024-03-27 06:00:00+00:00,3.7470000000002983,9.7,20.0,20.0
2024-03-27 12:00:00+00:00,3.968000000000302,11.2,20.0,20.0
2024-03-27 18:00:00+00:00,0.04800000000022919,13.3,20.0,20.0
2024-03-28 00:00:00+00:00,6.323999999999614,7.4,20.0,20.0
2024-03-28 06:00:00+00:00,4.61200000000008,6.1,20.0,20.0
2024-03-28 12:00:00+00:00,5.329000000000178,8.8,20.1,20.0
2024-03-28 18:00:00+00:00,0.31399999999985084,10.9,20.1,20.0
2024-03-29 00:00:00+00:00,6.924999999999727,8.5,20.0,20.0
2024-03-29 06:00:00+00:00,5.825000000000273,7.5,20.0,20.0
2024-03-29 12:00:00+00:00,2.2800000000002,11.9,20.1,20.0
2024-03-29 18:00:00+00:00,0.03699999999980719,14.2,20.2,20.0
2024-03-30 00:00:00+00:00,3.3070000000002437,10.3,20.0,20.0
2024-03-30 06:00:00+00:00,4.570999999999458,9.1,20.0,20.0
2024-03-30 12:00:00+00:00,3.519000000000233,9.2,20.0,20.0
2024-03-30 18:00:00+00:00,2.94399999999996,9.5,20.0,20.0
2024-03-31 00:00:00+00:00,5.156999999999698,5.3,20.0,20.0
2024-03-31 06:00:00+00:00,6.875,5.2,20.0,20.0
2024-03-31 12:00:00+00:00,2.9390000000003056,10.4,20.2,20.0
2024-03-31 18:00:00+00:00,0.693000000000211,13.8,20.3,20.0
2024-04-01 00:00:00+00:00,1.8429999999998472,9.4,20.0,20.0
2024-04-01 06:00:00+00:00,5.696999999999662,6.6,20.0,20.0
2024-04-01 12:00:00+00:00,1.5590000000001965,10.5,20.0,20.0
2024-04-01 18:00:00+00:00,1.037000000000262,13.4,20.0,20.0
2024-04-02 00:00:00+00:00,5.41399999999976,8.0,20.0,20.0
2024-04-02 06:00:00+00:00,5.903000000000247,5.6,20.0,20.0
2024-04-02 12:00:00+00:00,3.444999999999709,11.1,20.0,20.0
2024-04-02 18:00:00+00:00,1.9119999999998072,11.5,20.0,20.0
2024-04-03 00:00:00+00:00,4.983000000000175,9.2,20.0,20.0
2024-04-03 06:00:00+00:00,4.653999999999996,9.2,20.0,20.0
2024-04-03 12:00:00+00:00,3.0650000000000546,12.1,20.0,20.0
2024-04-03 18:00:00+00:00,1.0950000000002547,12.7,20.1,20.0
2024-04-04 00:00:00+00:00,3.8859999999999673,10.2,20.0,20.0
2024-04-04 06:00:00+00:00,5.287999999999556,8.8,20.0,20.0
2024-04-04 12:00:00+00:00,2.667000000000371,12.6,20.2,20.0
2024-04-04 18:00:00+00:00,0.04399999999986903,14.3,20.2,20.0
2024-04-05 00:00:00+00:00,3.869000000000142,11.2,20.0,20.0
2024-04-05 06:00:00+00:00,3.382999999999811,10.9,19.9,20.0
2024-04-05 12:00:00+00:00,2.931999999999789,13.4,20.2,20.0
2024-04-05 18:00:00+00:00,0.051000000000385626,15.9,20.7,20.0
2024-04-06 00:00:00+00:00,0.03699999999980719,11.0,20.1,20.0
2024-04-06 06:00:00+00:00,3.693000000000211,10.6,20.0,20.0
2024-04-06 12:00:00+00:00,1.2539999999999054,19.4,20.7,18.0
2024-04-06 18:00:00+00:00,0.03499999999985448,21.7,21.1,0.0
2024-04-07 00:00:00+00:00,0.037000000000261934,16.0,20.6,20.0
2024-04-07 06:00:00+00:00,0.03699999999980719,13.6,20.0,20.0
2024-04-07 12:00:00+00:00,0.03699999999980719,17.6,20.6,20.0
2024-04-07 18:00:00+00:00,0.03600000000005821,18.5,21.2,20.0
2024-04-08 00:00:00+00:00,0.03600000000005821,13.0,20.5,20.0
2024-04-08 06:00:00+00:00,0.8850000000002183,11.4,20.0,20.0
2024-04-08 12:00:00+00:00,0.7019999999997708,17.0,20.3,20.0
2024-04-08 18:00:00+00:00,0.03600000000005821,19.5,20.4,20.0
2024-04-09 00:00:00+00:00,0.03699999999980719,14.6,20.3,20.0
2024-04-09 06:00:00+00:00,1.7150000000001455,12.0,20.0,20.0
2024-04-09 12:00:00+00:00,2.4670000000000982,12.5,20.0,20.0
2024-04-09 18:00:00+00:00,3.2169999999996435,11.5,20.0,20.0
2024-04-10 00:00:00+00:00,3.5370000000007167,9.5,20.0,20.0
2024-04-10 06:00:00+00:00,5.266999999999371,8.7,20.0,20.0
2024-04-10 12:00:00+00:00,0.956000000000131,12.3,20.6,20.0
2024-04-10 18:00:00+00:00,0.037000000000261934,14.4,20.6,19.0
2024-04-11 00:00:00+00:00,2.0459999999998217,11.5,20.0,20.0
2024-04-11 06:00:00+00:00,2.0100000000002183,12.0,20.0,20.0
2024-04-11 12:00:00+00:00,2.275000000000091,13.8,20.1,20.0
2024-04-11 18:00:00+00:00,1.1179999999999382,14.9,20.0,20.0
2024-04-12 00:00:00+00:00,2.1390000000001237,13.0,20.0,20.0
2024-04-12 06:00:00+00:00,2.2100000000000364,13.1,20.0,20.0
2024-04-12 12:00:00+00:00,1.8690000000001419,17.4,20.8,20.0
2024-04-12 18:00:00+00:00,0.03699999999935244,18.6,20.9,20.0
2024-04-13 00:00:00+00:00,0.03800000000046566,14.1,20.5,20.0
2024-04-13 06:00:00+00:00,1.5479999999997744,11.7,20.0,20.0
2024-04-13 12:00:00+00:00,0.9200000000000728,19.0,20.7,20.0
2024-04-13 18:00:00+00:00,0.03600000000005821,21.1,21.1,0.0
2024-04-14 00:00:00+00:00,0.038000000000010914,14.7,20.7,20.0
2024-04-14 06:00:00+00:00,0.03699999999980719,11.1,20.1,20.0
2024-04-14 12:00:00+00:00,1.6669999999999163,13.4,20.5,20.0
2024-04-14 18:00:00+00:00,0.03600000000005821,13.7,20.7,20.0
2024-04-15 00:00:00+00:00,1.81899999999996,9.2,20.0,20.0
2024-04-15 06:00:00+00:00,4.863000000000284,8.0,20.0,20.0
2024-04-15 12:00:00+00:00,2.20699999999988,10.1,20.0,20.0
2024-04-15 18:00:00+00:00,2.6799999999998363,7.7,20.0,20.0
