,date,weather,summary,icon,temperature,feels_like,wind_chill,soil_temperature,dew_point,surface_temperature,pressure,cape,evaporation,irradiance,ozone,humidity,wind.speed,wind.gusts,wind.angle,wind.dir,cloud_cover.total,cloud_cover.low,cloud_cover.middle,cloud_cover.high,precipitation.total,precipitation.type
0,2024-04-04T00:00:00,overcast,Overcast,7,11.0,6.4,8.2,10.3,7.9,9.3,1005,16,0.01,0.0,389,81.0,7.2,13.8,231,SW,100,89,11,98,0.0,none
1,2024-04-04T01:00:00,cloudy,Cloudy,6,10.7,6.5,7.9,10.1,7.8,9.3,1005,15,0.01,0.0,392,81.0,6.9,13.0,232,SW,85,75,3,47,0.0,none
2,2024-04-04T02:00:00,partly_sunny,Partly sunny,4,10.3,6.4,7.4,9.9,7.7,8.7,1005,3,0.01,0.0,389,83.0,6.6,12.3,224,SW,65,36,1,48,0.0,none
3,2024-04-04T03:00:00,light_rain,Light rain,10,9.5,5.3,6.5,9.5,7.4,8.2,1004,0,0.0,0.0,387,87.0,6.2,11.6,218,SW,99,18,0,99,0.2,rain
4,2024-04-04T04:00:00,rain,Rain,11,8.8,4.7,5.7,9.1,7.4,7.8,1004,0,0.0,0.0,385,90.0,5.9,10.4,210,SSW,100,4,4,100,0.6,rain
5,2024-04-04T05:00:00,rain,Rain,11,8.8,5.1,5.9,8.9,7.6,7.5,1003,17,0.0,0.0,387,92.0,5.4,8.0,200,SSW,99,58,41,98,1.8,rain
6,2024-04-04T06:00:00,light_rain,Light rain,10,8.7,5.4,6.0,8.9,7.7,7.6,1002,14,0.01,0.0,391,93.0,4.7,9.9,179,S,100,73,99,100,0.5,rain
7,2024-04-04T07:00:00,overcast,Overcast,7,9.2,5.5,6.4,8.9,8.3,7.9,1001,10,0.01,5.1,396,94.0,5.7,13.4,178,S,100,75,97,100,0.0,none
8,2024-04-04T08:00:00,rain,Rain,11,10.6,6.9,7.9,9.2,9.9,8.8,1001,2,0.01,25.2,396,94.0,6.4,12.7,202,SSW,100,89,77,100,0.7,rain
9,2024-04-04T09:00:00,rain,Rain,11,11.2,7.1,8.4,9.4,10.4,9.8,1000,30,0.02,60.6,399,94.0,7.2,12.8,225,SW,100,79,99,100,0.8,rain
10,2024-04-04T10:00:00,rain,Rain,11,11.4,7.2,8.6,9.7,10.3,10.6,1000,72,0.04,101.3,406,93.0,7.4,13.3,229,SW,100,100,94,100,0.8,rain
11,2024-04-04T11:00:00,rain_shower,Rain shower,13,11.9,7.3,9.0,10.2,10.6,11.0,1001,54,0.06,161.0,415,91.0,8.8,14.2,230,SW,73,49,41,41,1.1,rain
12,2024-04-04T12:00:00,rain_shower,Rain shower,13,11.9,7.5,9.1,10.4,9.7,11.6,1001,88,0.15,383.3,423,86.0,8.1,16.4,236,SW,73,45,29,44,0.3,rain
13,2024-04-04T13:00:00,rain_shower,Rain shower,13,12.9,8.7,10.4,11.2,10.1,13.3,1002,153,0.19,427.2,432,82.0,8.4,18.4,241,WSW,49,23,16,28,1.2,rain
14,2024-04-04T14:00:00,partly_sunny,Partly sunny,4,12.4,7.2,9.6,11.6,8.0,14.6,1002,119,0.22,441.6,439,74.0,9.2,18.4,247,WSW,56,24,37,31,0.0,none
15,2024-04-04T15:00:00,partly_sunny,Partly sunny,4,12.8,7.7,10.1,11.9,8.7,13.7,1003,1,0.23,453.1,440,76.0,9.2,17.9,253,WSW,62,22,48,22,0.0,none
16,2024-04-04T16:00:00,partly_sunny,Partly sunny,4,13.2,8.0,10.5,12.3,9.0,13.4,1004,0,0.22,417.1,438,75.0,9.6,17.0,256,WSW,52,44,44,0,0.0,none
17,2024-04-04T17:00:00,partly_sunny,Partly sunny,4,13.1,8.3,10.5,12.5,8.8,12.8,1004,0,0.16,294.2,430,75.0,8.7,15.4,256,WSW,54,42,51,0,0.0,none
18,2024-04-04T18:00:00,partly_sunny,Partly sunny,4,12.7,9.0,10.3,12.4,8.8,12.7,1005,0,0.09,182.8,409,77.0,7.5,12.5,255,WSW,32,28,0,4,0.0,none
19,2024-04-04T19:00:00,overcast,Overcast,7,12.2,8.2,9.9,12.1,8.8,11.6,1006,1,0.03,55.8,405,79.0,6.6,10.7,251,WSW,93,21,15,92,0.0,none
20,2024-04-04T20:00:00,overcast,Overcast,7,11.7,7.9,9.3,11.9,8.9,10.3,1007,0,0.01,1.3,403,83.0,6.0,10.3,248,WSW,100,34,47,99,0.0,none
21,2024-04-04T21:00:00,overcast,Overcast,7,11.7,8.4,9.6,11.8,8.8,10.1,1007,0,0.0,0.0,401,82.0,5.2,9.0,241,WSW,99,11,29,99,0.0,none
22,2024-04-04T22:00:00,overcast,Overcast,7,11.4,8.0,9.2,11.4,8.9,9.9,1008,0,0.0,0.0,400,84.0,5.4,9.6,231,SW,100,14,73,100,0.0,none
23,2024-04-04T23:00:00,partly_sunny,Partly sunny,4,11.4,8.5,9.1,11.3,9.1,9.8,1008,0,0.0,0.0,398,85.0,5.8,10.2,226,SW,57,22,52,2,0.0,none
24,2024-04-05T00:00:00,overcast,Overcast,7,11.4,7.1,8.7,10.8,9.2,10.3,1008,0,0.01,0.0,399,86.0,7.0,10.6,228,SW,96,25,84,87,0.0,none
25,2024-04-05T01:00:00,overcast,Overcast,7,11.2,6.8,8.4,10.6,9.0,10.4,1008,0,0.01,0.0,397,86.0,7.4,11.1,229,SW,94,24,54,86,0.0,none
26,2024-04-05T02:00:00,overcast,Overcast,7,11.1,6.9,8.3,10.4,9.2,10.4,1008,0,0.01,0.0,394,88.0,6.8,11.3,223,SW,100,24,10,100,0.0,none
27,2024-04-05T03:00:00,overcast,Overcast,7,11.0,7.1,8.3,10.1,9.4,10.0,1008,0,0.01,0.0,393,90.0,6.4,10.8,220,SW,100,50,98,100,0.0,none
28,2024-04-05T04:00:00,overcast,Overcast,7,11.4,7.8,9.0,10.3,9.6,10.4,1008,34,0.01,0.0,392,88.0,6.0,10.1,215,SW,100,55,99,100,0.0,none
29,2024-04-05T05:00:00,overcast,Overcast,7,11.8,8.4,9.6,10.4,9.9,10.5,1008,50,0.01,0.0,394,87.0,5.9,10.1,206,SSW,100,1,96,100,0.0,none
30,2024-04-05T06:00:00,overcast,Overcast,7,11.9,8.8,9.8,10.6,10.2,10.5,1008,2,0.0,0.0,395,89.0,5.5,9.6,199,SSW,100,40,91,100,0.0,none
31,2024-04-05T07:00:00,overcast,Overcast,7,11.8,8.9,9.7,10.6,10.5,10.5,1007,7,0.01,20.1,401,92.0,5.3,9.7,189,S,95,6,92,53,0.0,none
32,2024-04-05T08:00:00,rain_shower,Rain shower,13,11.8,9.0,9.6,10.7,10.9,10.9,1007,0,0.03,115.1,404,94.0,5.5,10.5,182,S,87,0,68,67,0.3,rain
33,2024-04-05T09:00:00,light_rain,Light rain,10,12.4,9.3,10.3,10.8,11.1,12.3,1006,9,0.04,121.4,397,91.0,5.9,14.0,174,S,100,0,81,100,0.4,rain
34,2024-04-05T10:00:00,rain,Rain,11,12.9,9.3,10.8,11.1,11.1,12.4,1005,32,0.06,137.7,394,88.0,6.7,17.6,166,SSE,100,0,98,100,0.6,rain
35,2024-04-05T11:00:00,rain,Rain,11,12.8,8.3,10.3,10.8,11.1,12.4,1005,12,0.06,111.0,392,89.0,8.1,17.6,181,S,100,61,100,100,1.0,rain
36,2024-04-05T12:00:00,rain_shower,Rain shower,13,13.2,9.2,10.8,10.8,11.6,12.7,1004,2,0.09,161.2,395,89.0,8.1,17.2,200,SSW,80,26,65,56,1.1,rain
37,2024-04-05T13:00:00,rain_shower,Rain shower,13,13.7,9.5,11.4,11.4,11.8,14.9,1004,92,0.1,200.7,429,88.0,8.8,18.2,213,SSW,71,12,61,18,1.2,rain
38,2024-04-05T14:00:00,partly_sunny,Partly sunny,4,13.8,9.4,11.4,12.0,11.6,14.9,1005,0,0.25,517.5,431,86.0,9.1,17.6,227,SW,63,9,20,53,0.0,none
39,2024-04-05T15:00:00,partly_sunny,Partly sunny,4,14.9,10.3,12.7,12.9,11.3,16.6,1005,4,0.3,550.1,434,79.0,9.8,17.3,234,SW,33,6,4,27,0.0,none
40,2024-04-05T16:00:00,sunny,Sunny,2,15.3,11.3,13.4,13.5,10.6,16.4,1006,0,0.28,480.4,441,73.0,9.2,16.9,235,SW,6,5,3,0,0.0,none
41,2024-04-05T17:00:00,sunny,Sunny,2,15.2,11.3,13.2,13.8,10.2,15.8,1006,0,0.2,339.0,434,72.0,8.8,16.2,235,SW,6,5,1,0,0.0,none
42,2024-04-05T18:00:00,mostly_cloudy,Mostly cloudy,5,14.9,10.4,13.0,13.8,10.0,15.0,1007,0,0.13,210.7,408,72.0,8.3,14.8,234,SW,75,12,6,70,0.0,none
43,2024-04-05T19:00:00,overcast,Overcast,7,14.3,9.3,12.1,13.5,9.6,13.4,1008,0,0.05,59.1,400,73.0,8.5,15.0,234,SW,95,1,0,95,0.0,none
44,2024-04-05T20:00:00,partly_sunny,Partly sunny,4,13.5,9.7,11.3,13.1,9.4,11.7,1009,0,0.01,2.4,400,76.0,7.7,13.2,234,SW,43,0,0,43,0.0,none
45,2024-04-05T21:00:00,partly_sunny,Partly sunny,4,12.9,9.0,10.6,12.6,9.2,10.9,1009,0,0.01,0.0,393,78.0,7.3,12.4,231,SW,65,0,0,65,0.0,none
46,2024-04-05T22:00:00,cloudy,Cloudy,6,12.6,8.5,10.3,12.0,9.2,10.5,1010,0,0.01,0.0,386,79.0,6.9,11.6,230,SW,90,0,0,90,0.0,none
47,2024-04-05T23:00:00,mostly_cloudy,Mostly cloudy,5,12.3,8.9,10.2,11.5,9.0,10.2,1010,0,0.01,0.0,382,79.0,6.0,9.9,229,SW,77,0,0,77,0.0,none
48,2024-04-06T00:00:00,overcast,Overcast,7,11.5,8.6,9.6,11.1,8.8,10.3,1010,0,0.0,0.0,380,83.0,4.5,8.4,222,SW,100,1,98,88,0.0,none
49,2024-04-06T01:00:00,mostly_cloudy,Mostly cloudy,5,11.5,9.2,9.7,11.2,9.1,10.5,1011,0,0.0,0.0,377,85.0,4.4,7.0,215,SW,75,1,0,75,0.0,none
50,2024-04-06T02:00:00,mostly_cloudy,Mostly cloudy,5,11.3,9.2,9.6,11.0,9.4,9.7,1011,0,0.0,0.0,378,88.0,4.0,6.5,204,SSW,78,1,62,66,0.0,none
51,2024-04-06T03:00:00,overcast,Overcast,7,11.6,9.3,10.0,10.6,9.7,10.2,1011,0,0.0,0.0,379,88.0,3.7,6.2,198,SSW,100,1,100,77,0.0,none
52,2024-04-06T04:00:00,overcast,Overcast,7,12.0,10.1,10.7,10.7,10.3,11.1,1010,0,0.0,0.0,379,89.0,3.4,5.9,185,S,97,8,97,2,0.0,none
53,2024-04-06T05:00:00,partly_sunny,Partly sunny,4,12.1,11.1,10.6,10.8,10.8,11.0,1010,0,-0.01,0.0,373,92.0,3.8,6.8,176,S,43,31,23,12,0.0,none
54,2024-04-06T06:00:00,cloudy,Cloudy,6,12.1,10.1,10.4,10.7,11.2,11.0,1010,0,-0.01,0.0,364,94.0,4.2,7.7,167,SSE,87,28,15,80,0.0,none
55,2024-04-06T07:00:00,overcast,Overcast,7,12.5,10.2,10.7,10.9,11.6,11.1,1009,0,0.0,27.9,359,94.0,4.8,9.0,159,SSE,93,0,1,93,0.0,none
56,2024-04-06T08:00:00,cloudy,Cloudy,6,13.1,10.6,11.4,11.2,11.9,12.0,1009,0,0.05,152.9,356,92.0,5.4,10.1,157,SSE,90,0,7,88,0.0,none
57,2024-04-06T09:00:00,overcast,Overcast,7,14.6,11.6,13.0,11.8,12.2,14.2,1009,0,0.13,267.2,354,85.0,6.1,10.9,154,SSE,98,0,58,96,0.0,none
58,2024-04-06T10:00:00,cloudy,Cloudy,6,16.3,13.4,15.2,12.9,12.6,16.3,1008,0,0.25,429.5,354,78.0,6.5,12.4,156,SSE,89,0,23,89,0.0,none
59,2024-04-06T11:00:00,overcast,Overcast,7,17.8,14.4,17.0,14.0,12.7,18.2,1008,0,0.37,550.6,354,71.0,7.2,13.6,164,SSE,92,0,0,92,0.0,none
60,2024-04-06T12:00:00,overcast,Overcast,7,19.3,15.4,18.7,14.8,12.3,20.0,1007,0,0.45,592.9,356,64.0,7.7,13.8,165,SSE,93,0,0,93,0.0,none
61,2024-04-06T13:00:00,cloudy,Cloudy,6,20.3,16.2,20.0,15.7,12.1,20.8,1006,0,0.51,657.0,359,59.0,8.1,13.8,172,S,87,0,0,87,0.0,none
62,2024-04-06T14:00:00,mostly_cloudy,Mostly cloudy,5,21.2,17.1,21.2,16.5,11.7,21.4,1006,0,0.54,659.8,361,54.0,8.2,13.6,180,S,74,0,0,74,0.0,none
63,2024-04-06T15:00:00,overcast,Overcast,7,21.7,17.2,21.9,17.3,11.3,21.3,1006,0,0.47,541.9,359,51.0,8.3,13.2,191,S,99,0,0,99,0.0,none
64,2024-04-06T16:00:00,cloudy,Cloudy,6,22.0,18.0,22.3,17.6,11.0,20.4,1006,0,0.41,484.2,360,49.0,7.5,11.8,198,SSW,88,0,0,88,0.0,none
65,2024-04-06T17:00:00,partly_sunny,Partly sunny,4,22.0,18.4,22.2,17.8,10.4,19.8,1006,0,0.33,364.3,360,47.0,7.5,11.4,203,SSW,48,0,0,48,0.0,none
66,2024-04-06T18:00:00,mostly_cloudy,Mostly cloudy,5,21.3,17.7,21.5,17.7,10.0,18.5,1007,0,0.2,196.1,360,48.0,6.9,10.5,205,SSW,72,0,1,72,0.0,none
67,2024-04-06T19:00:00,mostly_cloudy,Mostly cloudy,5,20.0,16.6,19.9,17.2,10.1,16.9,1007,0,0.07,64.3,360,52.0,6.2,8.2,210,SSW,79,0,26,79,0.0,none
68,2024-04-06T20:00:00,overcast,Overcast,7,18.6,15.6,18.3,16.9,10.2,15.3,1007,0,0.03,2.4,360,58.0,5.1,8.9,203,SSW,99,0,32,99,0.0,none
69,2024-04-06T21:00:00,overcast,Overcast,7,17.0,14.1,16.3,16.4,10.2,14.7,1008,0,0.02,0.0,360,64.0,5.0,8.9,192,SSW,100,0,51,100,0.0,none
70,2024-04-06T22:00:00,overcast,Overcast,7,15.7,12.8,14.7,15.7,10.0,14.3,1007,0,0.02,0.0,360,68.0,5.0,8.8,189,S,100,0,5,100,0.0,none
71,2024-04-06T23:00:00,overcast,Overcast,7,14.2,11.1,12.8,14.7,9.8,13.7,1008,0,0.02,0.0,366,74.0,5.2,9.1,191,S,100,0,25,100,0.0,none
72,2024-04-07T00:00:00,mostly_cloudy,Mostly cloudy,5,16.0,13.8,15.2,14.1,9.9,14.2,1008,0,0.02,0.0,365,67.0,4.5,9.1,209,SSW,76,0,42,67,0.0,none
73,2024-04-07T01:00:00,light_rain,Light rain,10,15.8,13.4,15.1,14.1,10.0,13.6,1008,0,0.02,0.0,364,68.0,4.1,14.5,220,SW,99,0,72,96,0.2,rain
74,2024-04-07T02:00:00,rain,Rain,11,15.7,12.0,14.4,14.1,10.1,13.8,1008,0,0.02,0.0,365,69.0,6.3,16.5,234,SW,100,2,93,100,0.7,rain
75,2024-04-07T03:00:00,rain,Rain,11,14.9,10.7,13.2,14.2,10.3,13.5,1009,0,0.01,0.0,370,73.0,7.2,19.0,222,SW,100,0,100,97,0.9,rain
76,2024-04-07T04:00:00,rain,Rain,11,14.3,9.7,12.3,14.0,10.3,13.4,1009,13,0.01,0.0,376,76.0,8.0,18.8,212,SSW,100,0,98,98,0.9,rain
77,2024-04-07T05:00:00,overcast,Overcast,7,14.3,9.1,12.1,14.0,10.2,13.2,1009,6,0.01,0.0,377,76.0,9.1,16.0,207,SSW,100,0,100,100,0.0,none
78,2024-04-07T06:00:00,overcast,Overcast,7,14.5,9.6,12.5,14.0,10.2,12.9,1009,0,0.01,0.0,378,74.0,8.5,13.9,213,SSW,98,6,76,97,0.0,none
79,2024-04-07T07:00:00,cloudy,Cloudy,6,14.2,9.7,12.1,14.0,10.2,12.4,1010,3,0.02,21.2,384,76.0,8.1,13.5,223,SW,87,17,4,85,0.0,none
80,2024-04-07T08:00:00,partly_sunny,Partly sunny,4,13.9,10.3,11.9,13.8,10.1,12.1,1011,0,0.09,158.5,388,77.0,7.5,12.9,222,SW,48,4,0,46,0.0,none
81,2024-04-07T09:00:00,sunny,Sunny,2,14.4,11.7,12.6,14.1,10.2,13.5,1011,4,0.17,322.6,390,75.0,7.2,13.0,219,SW,0,0,0,0,0.0,none
82,2024-04-07T10:00:00,sunny,Sunny,2,15.2,12.1,13.4,14.5,10.1,15.3,1012,23,0.28,467.8,390,71.0,7.6,16.7,216,SW,5,5,0,0,0.0,none
83,2024-04-07T11:00:00,partly_sunny,Partly sunny,4,15.8,10.7,13.9,15.0,9.3,16.3,1012,7,0.35,511.8,387,65.0,9.6,17.4,221,SW,44,44,0,0,0.0,none
84,2024-04-07T12:00:00,partly_sunny,Partly sunny,4,16.2,11.8,14.6,15.5,9.2,17.7,1013,7,0.41,589.3,383,63.0,8.7,17.4,217,SW,34,34,0,0,0.0,none
85,2024-04-07T13:00:00,partly_sunny,Partly sunny,4,16.8,12.6,15.5,16.0,8.6,18.3,1013,0,0.47,632.9,381,58.0,8.2,17.2,217,SW,34,34,0,0,0.0,none
86,2024-04-07T14:00:00,partly_sunny,Partly sunny,4,17.5,13.5,16.5,16.2,8.1,18.3,1013,0,0.46,579.7,382,53.0,8.0,16.6,218,SW,21,21,0,0,0.0,none
87,2024-04-07T15:00:00,mostly_sunny,Mostly sunny,3,17.9,14.0,16.9,16.4,8.1,18.2,1013,0,0.42,543.8,382,52.0,7.8,14.5,219,SW,15,15,0,0,0.0,none
88,2024-04-07T16:00:00,mostly_sunny,Mostly sunny,3,17.7,14.6,16.9,16.6,8.4,18.2,1012,0,0.35,456.3,382,54.0,7.0,12.6,216,SW,12,12,0,0,0.0,none
89,2024-04-07T17:00:00,sunny,Sunny,2,17.4,14.7,16.5,16.6,8.5,17.8,1012,0,0.22,312.5,378,56.0,6.3,10.4,211,SSW,9,0,0,8,0.0,none
90,2024-04-07T18:00:00,overcast,Overcast,7,16.4,13.0,15.5,16.2,8.1,17.0,1012,1,0.1,127.0,369,57.0,5.3,8.5,215,SW,92,5,2,91,0.0,none
91,2024-04-07T19:00:00,overcast,Overcast,7,15.2,12.0,14.2,15.6,7.9,15.1,1011,6,0.03,36.5,362,61.0,4.8,7.2,221,SW,100,19,34,99,0.0,none
92,2024-04-07T20:00:00,overcast,Overcast,7,14.2,11.3,13.1,15.1,7.5,13.3,1011,0,0.01,2.8,355,64.0,4.0,6.9,221,SW,100,11,11,100,0.0,none
93,2024-04-07T21:00:00,overcast,Overcast,7,13.5,10.8,12.4,14.7,7.8,12.2,1012,0,0.01,0.0,351,68.0,3.9,8.5,225,SW,99,5,16,99,0.0,none
94,2024-04-07T22:00:00,overcast,Overcast,7,13.3,10.8,12.2,14.1,8.2,11.9,1012,0,0.01,0.0,349,71.0,3.5,5.5,219,SW,100,0,80,100,0.0,none
95,2024-04-07T23:00:00,overcast,Overcast,7,12.7,10.7,11.8,13.4,8.7,11.4,1012,0,0.01,0.0,350,76.0,3.0,4.3,204,SSW,100,0,84,100,0.0,none
96,2024-04-08T00:00:00,overcast,Overcast,7,11.6,10.3,11.1,12.3,9.2,11.0,1012,0,0.0,0.0,353,84.0,1.9,3.7,232,SW,100,16,69,100,0.0,none
97,2024-04-08T01:00:00,overcast,Overcast,7,11.2,10.0,10.7,11.8,9.4,10.6,1011,0,0.0,0.0,357,88.0,1.9,3.5,213,SSW,99,16,45,99,0.0,none
98,2024-04-08T02:00:00,partly_sunny,Partly sunny,4,11.2,11.2,10.6,11.9,9.8,9.6,1011,0,-0.01,0.0,366,91.0,2.0,3.6,192,SSW,40,1,4,39,0.0,none
99,2024-04-08T03:00:00,mostly_sunny,Mostly sunny,3,11.1,11.5,10.3,11.7,10.1,9.0,1011,0,-0.01,0.0,372,93.0,2.2,3.9,187,S,21,0,11,13,0.0,none
100,2024-04-08T04:00:00,partly_sunny,Partly sunny,4,11.2,11.2,10.3,11.7,10.4,9.3,1011,0,-0.01,0.0,370,94.0,2.4,4.2,178,S,33,0,31,3,0.0,none
101,2024-04-08T05:00:00,sunny,Sunny,2,11.1,11.9,10.3,11.5,10.6,9.1,1010,0,-0.01,0.0,362,97.0,2.1,4.8,170,S,4,1,4,0,0.0,none
102,2024-04-08T06:00:00,mostly_cloudy,Mostly cloudy,5,10.7,10.0,9.8,11.2,10.5,8.6,1010,0,-0.01,0.0,358,98.0,2.3,4.9,190,S,73,4,3,71,0.0,none
103,2024-04-08T07:00:00,overcast,Overcast,7,10.5,9.5,9.8,11.1,10.5,7.6,1010,0,-0.0,23.5,358,99.0,2.0,4.7,175,S,97,1,13,95,0.0,none
104,2024-04-08T08:00:00,overcast,Overcast,7,11.2,9.9,10.1,11.3,11.1,10.6,1010,0,0.02,116.8,360,99.0,2.7,4.7,184,S,100,1,13,100,0.0,none
105,2024-04-08T09:00:00,overcast,Overcast,7,12.5,11.4,11.8,12.0,11.7,12.9,1011,0,0.06,192.7,360,94.0,2.5,4.6,189,S,100,2,25,100,0.0,none
106,2024-04-08T10:00:00,overcast,Overcast,7,13.5,12.9,13.4,12.9,11.9,14.5,1010,0,0.14,355.9,358,89.0,1.9,5.0,172,S,100,0,11,100,0.0,none
107,2024-04-08T11:00:00,overcast,Overcast,7,14.7,13.9,14.5,14.1,12.1,17.0,1010,0,0.26,511.2,356,84.0,2.4,6.9,173,S,100,8,5,100,0.0,none
108,2024-04-08T12:00:00,overcast,Overcast,7,15.7,14.5,15.4,14.6,11.6,19.0,1010,0,0.34,571.0,355,76.0,2.9,7.4,167,SSE,99,48,11,99,0.0,none
109,2024-04-08T13:00:00,overcast,Overcast,7,16.2,14.7,15.9,15.3,11.2,18.6,1009,0,0.33,487.7,356,72.0,3.2,7.8,181,S,99,51,48,98,0.0,none
110,2024-04-08T14:00:00,overcast,Overcast,7,16.2,14.2,15.7,15.8,11.0,17.6,1009,10,0.29,392.1,360,71.0,3.9,7.8,182,S,98,37,89,84,0.0,none
111,2024-04-08T15:00:00,overcast,Overcast,7,16.3,14.6,15.8,16.2,11.5,16.8,1008,9,0.24,344.6,358,73.0,3.5,6.0,174,S,100,62,96,99,0.0,none
112,2024-04-08T16:00:00,cloudy,Cloudy,6,16.5,15.7,16.4,16.4,11.9,16.5,1007,2,0.22,325.9,362,74.0,2.6,5.1,146,SE,87,22,66,75,0.0,none
113,2024-04-08T17:00:00,partly_sunny,Partly sunny,4,16.9,17.1,16.9,16.5,11.9,18.1,1007,4,0.23,328.6,366,72.0,2.7,6.2,139,SE,30,5,27,4,0.0,none
114,2024-04-08T18:00:00,partly_sunny,Partly sunny,4,17.5,17.9,17.7,16.5,11.6,17.5,1006,5,0.14,187.8,362,68.0,2.7,6.6,129,SE,24,16,12,3,0.0,none
115,2024-04-08T19:00:00,partly_sunny,Partly sunny,4,17.6,17.9,17.8,16.3,11.9,16.3,1006,17,0.04,61.3,360,69.0,2.6,5.2,116,ESE,33,17,16,5,0.0,none
116,2024-04-08T20:00:00,partly_sunny,Partly sunny,4,16.8,16.7,16.8,15.8,12.2,14.3,1005,31,0.0,3.4,357,74.0,2.7,5.3,105,ESE,51,21,28,25,0.0,none
117,2024-04-08T21:00:00,mostly_cloudy,Mostly cloudy,5,15.7,14.8,15.2,15.0,12.4,13.3,1004,134,0.0,0.0,355,81.0,3.4,6.4,98,E,76,6,58,49,0.0,none
118,2024-04-08T22:00:00,overcast,Overcast,7,15.1,13.6,14.3,14.6,12.9,13.2,1004,262,0.0,0.0,356,86.0,4.0,7.2,96,E,96,14,30,91,0.0,none
119,2024-04-08T23:00:00,light_rain,Light rain,10,14.4,12.9,13.4,14.2,13.2,13.3,1003,304,0.0,0.0,357,92.0,4.1,7.5,111,ESE,99,11,9,98,0.2,rain
120,2024-04-09T00:00:00,overcast,Overcast,7,14.5,13.4,13.8,13.6,12.8,12.6,1003,28,0.0,0.0,361,89.0,3.0,7.2,138,SE,99,13,29,99,0.0,none
121,2024-04-09T01:00:00,overcast,Overcast,7,14.3,13.1,13.5,13.3,12.9,12.6,1002,0,0.0,0.0,361,91.0,3.3,7.1,165,SSE,100,38,25,100,0.0,none
122,2024-04-09T02:00:00,light_rain,Light rain,10,14.4,12.7,13.3,13.2,13.0,12.8,1003,12,0.0,0.0,360,91.0,4.3,8.0,179,S,99,2,87,96,0.3,rain
123,2024-04-09T03:00:00,rain,Rain,11,14.4,12.2,13.1,13.2,13.1,12.8,1003,3,0.0,0.0,362,91.0,5.0,8.7,199,SSW,100,0,98,100,1.5,rain
124,2024-04-09T04:00:00,rain,Rain,11,13.9,11.5,12.3,13.2,13.3,12.6,1003,4,0.0,0.0,364,95.0,5.7,10.5,212,SSW,100,3,89,100,2.8,rain
125,2024-04-09T05:00:00,rain,Rain,11,13.0,10.1,11.0,13.3,12.5,12.0,1003,0,0.01,0.0,369,96.0,6.0,13.9,229,SW,99,3,49,98,3.5,rain
126,2024-04-09T06:00:00,rain,Rain,11,11.5,8.1,9.1,13.4,10.3,11.0,1004,2,0.01,0.0,373,92.0,6.0,13.3,230,SW,99,3,95,97,2.3,rain
127,2024-04-09T07:00:00,light_rain,Light rain,10,11.0,7.2,8.5,13.2,9.0,10.5,1005,0,0.01,9.1,376,87.0,6.1,13.0,225,SW,100,6,98,98,0.5,rain
128,2024-04-09T08:00:00,overcast,Overcast,7,11.0,7.0,8.4,12.9,8.7,10.5,1005,2,0.05,95.2,379,85.0,6.3,12.8,214,SW,98,9,81,98,0.0,none
129,2024-04-09T09:00:00,overcast,Overcast,7,11.1,6.4,8.2,12.8,8.2,11.1,1005,26,0.1,143.8,385,82.0,7.3,15.2,210,SSW,99,52,99,91,0.0,none
130,2024-04-09T10:00:00,overcast,Overcast,7,11.1,5.3,7.9,12.7,6.9,10.6,1006,7,0.16,239.5,390,75.0,8.8,16.5,209,SSW,100,57,99,100,0.0,none
131,2024-04-09T11:00:00,overcast,Overcast,7,11.2,5.2,8.0,12.7,6.4,10.8,1006,0,0.25,398.3,394,72.0,9.1,18.8,206,SSW,99,49,43,97,0.0,none
132,2024-04-09T12:00:00,overcast,Overcast,7,11.2,4.1,7.7,12.5,5.0,12.8,1006,4,0.29,404.1,396,65.0,10.3,20.7,208,SSW,100,85,54,100,0.0,none
133,2024-04-09T13:00:00,overcast,Overcast,7,11.8,4.0,8.3,12.8,4.6,12.9,1007,8,0.25,293.9,408,61.0,11.5,21.5,207,SSW,99,97,20,50,0.0,none
134,2024-04-09T14:00:00,overcast,Overcast,7,11.7,3.9,8.1,12.9,5.2,12.5,1007,2,0.21,241.5,418,64.0,11.6,21.3,204,SSW,100,97,98,82,0.0,none
135,2024-04-09T15:00:00,mostly_cloudy,Mostly cloudy,5,11.4,4.2,7.8,12.7,5.9,11.6,1008,3,0.19,250.9,431,68.0,11.3,20.7,211,SSW,78,57,75,18,0.0,none
136,2024-04-09T16:00:00,partly_sunny,Partly sunny,4,10.9,3.9,7.1,12.6,6.8,11.6,1008,6,0.19,308.1,440,75.0,11.4,20.2,220,SW,63,38,58,0,0.0,none
137,2024-04-09T17:00:00,cloudy,Cloudy,6,10.6,3.7,6.8,12.5,6.7,11.4,1009,1,0.15,240.9,445,77.0,11.0,19.7,226,SW,83,31,81,0,0.0,none
138,2024-04-09T18:00:00,partly_sunny,Partly sunny,4,10.4,4.0,6.7,12.3,6.6,10.8,1009,0,0.12,180.7,446,76.0,10.5,18.3,231,SW,65,36,61,0,0.0,none
139,2024-04-09T19:00:00,partly_sunny,Partly sunny,4,9.9,3.4,5.9,12.0,6.4,10.3,1010,0,0.05,46.2,446,79.0,10.9,18.2,239,WSW,45,30,39,0,0.0,none
140,2024-04-09T20:00:00,partly_sunny,Partly sunny,4,9.7,3.9,5.8,11.5,6.4,9.5,1011,0,0.01,4.0,445,80.0,9.9,17.0,244,WSW,40,29,30,0,0.0,none
141,2024-04-09T21:00:00,partly_sunny,Partly sunny,4,9.9,4.3,6.3,11.4,6.2,9.1,1013,3,0.01,0.0,443,77.0,9.2,16.0,246,WSW,59,34,54,0,0.0,none
142,2024-04-09T22:00:00,partly_sunny,Partly sunny,4,9.9,4.2,6.2,11.3,6.2,9.0,1014,5,0.01,0.0,441,77.0,9.3,16.6,253,WSW,58,36,49,0,0.0,none
143,2024-04-09T23:00:00,partly_sunny,Partly sunny,4,9.9,4.1,6.2,11.1,6.0,8.7,1015,2,0.01,0.0,439,76.0,9.2,15.6,261,W,64,33,58,0,0.0,none
144,2024-04-10T00:00:00,partly_sunny,Partly sunny,4,9.9,5.5,6.7,10.8,6.7,8.5,1016,14,0.01,0.0,436,80.0,7.3,14.5,264,W,56,46,34,0,0.0,none
145,2024-04-10T01:00:00,overcast,Overcast,7,9.4,4.6,6.2,10.3,6.7,8.3,1017,13,0.01,0.0,432,83.0,7.1,12.7,268,W,99,93,89,0,0.0,none
146,2024-04-10T02:00:00,overcast,Overcast,7,8.9,3.7,5.4,10.9,6.1,8.9,1018,7,0.04,0.0,426,82.0,7.5,11.6,273,W,100,70,40,2,0.0,none
147,2024-04-10T03:00:00,overcast,Overcast,7,8.9,3.5,5.3,10.5,6.2,8.9,1019,8,0.03,0.0,422,82.0,7.9,10.6,279,W,100,74,38,0,0.0,none
148,2024-04-10T04:00:00,overcast,Overcast,7,9.2,4.4,5.9,10.2,6.1,8.8,1020,10,0.01,0.0,422,81.0,6.8,9.3,270,W,100,83,40,0,0.0,none
149,2024-04-10T05:00:00,overcast,Overcast,7,8.9,4.7,6.0,10.0,5.8,8.7,1020,3,0.01,0.0,414,80.0,5.7,7.8,271,W,100,88,19,0,0.0,none
150,2024-04-10T06:00:00,overcast,Overcast,7,8.7,4.6,5.7,9.6,5.5,8.6,1022,4,0.0,0.1,408,80.0,5.4,7.4,275,W,100,90,16,0,0.0,none
151,2024-04-10T07:00:00,overcast,Overcast,7,7.9,4.6,5.4,9.5,5.5,8.5,1023,2,0.02,26.6,404,84.0,4.0,6.8,277,W,100,81,0,0,0.0,none
152,2024-04-10T08:00:00,overcast,Overcast,7,8.7,5.1,6.1,9.5,5.7,8.8,1024,3,0.17,149.4,401,81.0,4.5,6.0,271,W,100,63,0,0,0.0,none
153,2024-04-10T09:00:00,partly_sunny,Partly sunny,4,9.7,7.4,7.3,9.4,5.8,9.6,1025,6,0.34,302.5,383,76.0,4.5,6.3,266,W,26,36,0,0,0.0,none
154,2024-04-10T10:00:00,partly_sunny,Partly sunny,4,10.2,6.7,7.5,9.4,5.6,10.5,1026,8,0.31,370.0,371,73.0,5.6,7.2,258,WSW,50,80,0,0,0.0,none
155,2024-04-10T11:00:00,partly_sunny,Partly sunny,4,10.7,7.4,8.2,9.6,5.1,10.8,1027,7,0.55,543.6,367,68.0,5.4,7.9,257,WSW,40,54,0,13,0.0,none
156,2024-04-10T12:00:00,mostly_cloudy,Mostly cloudy,5,11.7,7.7,9.4,9.4,4.8,11.8,1027,3,0.68,658.8,370,62.0,5.8,8.2,251,WSW,70,20,0,70,0.0,none
157,2024-04-10T13:00:00,mostly_sunny,Mostly sunny,3,11.9,8.4,9.6,9.8,3.9,12.1,1027,4,0.75,732.8,371,57.0,6.1,8.6,249,WSW,15,6,0,5,0.0,none
158,2024-04-10T14:00:00,partly_sunny,Partly sunny,4,12.7,8.5,10.5,10.4,2.3,12.6,1027,5,0.74,722.4,370,49.0,6.6,9.0,247,WSW,27,0,0,29,0.0,none
159,2024-04-10T15:00:00,partly_sunny,Partly sunny,4,13.4,8.5,11.3,10.7,1.1,12.7,1028,5,0.68,651.3,363,43.0,6.9,9.6,252,WSW,46,3,12,25,0.0,none
160,2024-04-10T16:00:00,cloudy,Cloudy,6,13.4,8.0,11.3,11.0,1.6,12.6,1028,5,0.6,505.1,364,44.0,7.1,9.7,247,WSW,82,0,35,72,0.0,none
161,2024-04-10T17:00:00,partly_sunny,Partly sunny,4,13.4,8.4,11.2,11.2,1.1,12.1,1028,3,0.48,344.0,364,43.0,7.4,9.5,240,WSW,36,0,26,59,0.0,none
162,2024-04-10T18:00:00,partly_sunny,Partly sunny,4,13.4,8.5,11.3,11.4,0.6,11.7,1028,1,0.32,218.0,360,41.0,7.0,9.6,240,WSW,37,0,27,62,0.0,none
163,2024-04-10T19:00:00,partly_sunny,Partly sunny,4,13.2,8.2,11.0,11.7,2.0,10.9,1027,0,0.16,78.7,354,46.0,7.0,9.3,229,SW,58,16,68,48,0.0,none
164,2024-04-10T20:00:00,mostly_cloudy,Mostly cloudy,5,11.9,7.5,9.6,11.7,3.8,10.2,1027,0,0.07,4.6,349,57.0,6.2,8.6,218,SW,74,2,77,13,0.0,none
165,2024-04-10T21:00:00,overcast,Overcast,7,11.2,6.9,8.8,11.3,4.8,9.6,1027,0,0.06,0.0,350,64.0,5.7,7.9,212,SSW,95,3,68,31,0.0,none
166,2024-04-10T22:00:00,overcast,Overcast,7,11.2,7.0,8.8,10.7,5.8,9.2,1027,0,0.04,0.0,342,69.0,5.7,8.3,218,SW,100,87,63,93,0.0,none
167,2024-04-10T23:00:00,overcast,Overcast,7,10.0,6.3,7.6,10.1,6.2,9.3,1027,0,0.05,0.0,338,77.0,5.0,9.0,204,SSW,100,97,39,94,0.0,none
168,2024-04-11T00:00:00,overcast,Overcast,7,10.5,6.5,8.1,10.6,6.1,9.7,1027,0,0.05,0.1,337,73.0,5.4,10.4,200,SSW,100,100,65,99,0.0,none
169,2024-04-11T01:00:00,overcast,Overcast,7,10.9,6.4,8.3,10.4,5.8,10.0,1026,0,0.09,0.0,339,70.0,6.2,11.6,197,SSW,100,71,75,100,0.0,none
170,2024-04-11T02:00:00,overcast,Overcast,7,12.3,6.9,9.7,11.6,6.1,11.5,1027,0,0.02,0.0,340,65.0,7.9,13.8,211,SSW,99,79,56,99,0.0,none
171,2024-04-11T03:00:00,light_rain,Light rain,10,12.2,6.8,9.6,11.6,6.7,11.1,1027,0,0.02,0.0,337,68.0,8.0,14.1,216,SW,100,90,86,100,0.5,rain
172,2024-04-11T04:00:00,light_rain,Light rain,10,12.1,6.8,9.3,11.6,7.7,11.1,1026,9,0.01,0.0,333,74.0,8.0,14.1,216,SW,100,99,98,100,0.6,rain
173,2024-04-11T05:00:00,light_rain,Light rain,10,11.7,6.8,8.9,11.5,8.8,10.9,1026,10,0.01,0.0,333,82.0,7.9,13.8,214,SW,100,99,98,100,0.6,rain
174,2024-04-11T06:00:00,light_rain,Light rain,10,11.6,7.1,8.8,11.4,9.6,10.9,1026,1,0.01,0.0,333,87.0,7.6,13.3,216,SW,100,100,94,100,0.3,rain
175,2024-04-11T07:00:00,overcast,Overcast,7,11.6,7.4,8.9,11.3,10.1,10.9,1027,2,0.01,6.7,335,90.0,7.2,12.7,219,SW,100,100,100,100,0.0,none
176,2024-04-11T08:00:00,overcast,Overcast,7,11.8,7.8,9.2,11.2,10.4,11.2,1027,0,0.02,27.8,342,91.0,6.9,11.9,224,SW,100,100,98,100,0.0,none
177,2024-04-11T09:00:00,overcast,Overcast,7,11.8,8.1,9.4,11.1,10.7,11.5,1027,0,0.02,53.8,351,93.0,6.7,11.8,229,SW,100,100,75,91,0.0,none
178,2024-04-11T10:00:00,overcast,Overcast,7,11.9,8.4,9.6,11.1,11.0,12.0,1028,0,0.03,71.3,358,94.0,6.5,11.4,233,SW,100,100,60,44,0.0,none
179,2024-04-11T11:00:00,overcast,Overcast,7,12.0,8.6,9.7,11.2,11.2,12.3,1029,0,0.04,98.6,359,94.0,6.4,12.2,236,SW,100,100,63,2,0.0,none
180,2024-04-11T12:00:00,overcast,Overcast,7,12.0,8.6,9.7,11.3,11.4,12.7,1030,12,0.07,167.2,359,95.0,6.5,12.3,240,WSW,100,100,83,0,0.0,none
181,2024-04-11T13:00:00,overcast,Overcast,7,12.6,9.4,10.5,11.9,11.9,13.4,1030,10,0.13,283.1,359,95.0,6.4,11.9,244,WSW,100,100,7,0,0.0,none
182,2024-04-11T14:00:00,overcast,Overcast,7,13.3,10.3,11.4,12.6,12.2,14.7,1030,5,0.14,281.0,360,92.0,6.0,11.6,250,WSW,99,99,1,18,0.0,none
183,2024-04-11T15:00:00,overcast,Overcast,7,13.5,11.0,11.9,13.2,12.3,15.7,1031,4,0.12,222.2,353,92.0,5.3,10.8,250,WSW,100,100,0,87,0.0,none
184,2024-04-11T16:00:00,overcast,Overcast,7,13.5,11.0,11.8,13.4,12.1,15.0,1031,5,0.09,172.0,350,91.0,5.2,9.5,244,WSW,100,100,0,100,0.0,none
185,2024-04-11T17:00:00,overcast,Overcast,7,13.3,10.8,11.6,13.4,12.0,14.5,1031,6,0.06,115.4,352,91.0,5.1,8.4,244,WSW,100,100,0,100,0.0,none
186,2024-04-11T18:00:00,overcast,Overcast,7,13.1,11.0,11.7,13.3,11.9,13.8,1031,6,0.04,70.3,351,92.0,4.4,7.6,242,WSW,100,100,0,40,0.0,none
187,2024-04-11T19:00:00,overcast,Overcast,7,12.9,11.1,11.6,13.1,11.8,13.2,1031,8,0.01,28.3,350,93.0,3.7,6.4,236,SW,100,100,0,11,0.0,none
188,2024-04-11T20:00:00,overcast,Overcast,7,12.6,10.8,11.3,12.8,11.8,12.5,1031,11,0.01,2.4,349,94.0,3.8,6.5,230,SW,100,100,0,76,0.0,none
189,2024-04-11T21:00:00,overcast,Overcast,7,12.5,10.8,11.2,12.5,11.8,12.1,1031,12,0.0,0.0,347,95.0,3.6,6.1,221,SW,100,100,0,98,0.0,none
190,2024-04-11T22:00:00,overcast,Overcast,7,12.6,10.9,11.3,12.4,11.8,12.1,1031,13,0.0,0.0,345,94.0,3.6,6.4,217,SW,100,100,0,98,0.0,none
191,2024-04-11T23:00:00,overcast,Overcast,7,12.6,10.8,11.2,12.4,11.8,12.1,1031,12,0.0,0.0,345,95.0,4.0,7.5,215,SW,100,100,0,99,0.0,none
192,2024-04-12T00:00:00,overcast,Overcast,7,12.7,10.7,11.2,12.3,11.8,12.1,1031,10,0.0,0.0,343,94.0,4.1,8.2,209,SSW,100,100,0,87,0.0,none
193,2024-04-12T01:00:00,overcast,Overcast,7,12.7,10.4,11.1,12.3,11.8,12.1,1031,6,0.0,0.0,341,94.0,4.6,8.8,214,SW,100,100,6,45,0.0,none
194,2024-04-12T02:00:00,overcast,Overcast,7,12.7,10.4,11.0,12.3,11.7,12.0,1031,1,0.0,0.0,339,94.0,4.8,9.2,210,SSW,96,93,36,4,0.0,none
195,2024-04-12T03:00:00,overcast,Overcast,7,12.5,9.8,10.6,12.4,11.6,11.6,1030,0,0.0,0.0,333,94.0,5.4,9.4,212,SSW,100,100,6,0,0.0,none
196,2024-04-12T04:00:00,overcast,Overcast,7,12.4,9.6,10.5,12.3,11.6,11.5,1030,0,0.0,0.0,330,94.0,5.5,9.4,215,SW,100,100,2,31,0.0,none
197,2024-04-12T05:00:00,overcast,Overcast,7,12.4,9.5,10.4,12.2,11.5,11.5,1029,0,0.0,0.0,325,94.0,5.6,9.8,213,SSW,100,100,2,65,0.0,none
198,2024-04-12T06:00:00,overcast,Overcast,7,12.4,9.4,10.3,12.1,11.5,11.6,1029,0,0.0,0.2,320,94.0,6.0,10.6,216,SW,95,87,6,62,0.0,none
199,2024-04-12T07:00:00,overcast,Overcast,7,12.6,9.4,10.5,12.1,11.5,11.7,1029,0,0.01,14.8,314,93.0,6.2,11.1,219,SW,99,69,10,93,0.0,none
200,2024-04-12T08:00:00,overcast,Overcast,7,12.8,9.4,10.7,12.1,11.5,12.1,1029,0,0.04,112.8,312,91.0,6.4,11.1,218,SW,98,43,16,97,0.0,none
201,2024-04-12T09:00:00,overcast,Overcast,7,13.2,10.0,11.2,12.5,11.6,13.3,1029,0,0.11,253.1,312,90.0,6.3,13.1,219,SW,92,13,5,90,0.0,none
202,2024-04-12T10:00:00,overcast,Overcast,7,14.1,9.7,11.9,13.2,11.4,15.0,1029,0,0.21,416.4,312,83.0,8.2,14.3,232,SW,98,28,1,96,0.0,none
203,2024-04-12T11:00:00,overcast,Overcast,7,14.9,10.5,13.0,14.2,11.3,16.2,1029,0,0.3,557.7,314,78.0,8.0,14.8,237,WSW,95,17,0,94,0.0,none
204,2024-04-12T12:00:00,overcast,Overcast,7,15.1,10.8,13.4,14.7,10.6,17.0,1029,0,0.35,616.3,313,74.0,7.7,14.8,240,WSW,97,4,0,97,0.0,none
205,2024-04-12T13:00:00,overcast,Overcast,7,15.5,11.1,13.8,15.3,10.5,17.3,1029,0,0.36,630.2,311,72.0,7.8,14.5,242,WSW,93,7,0,93,0.0,none
206,2024-04-12T14:00:00,overcast,Overcast,7,15.5,11.1,13.8,15.5,10.5,17.7,1029,0,0.37,659.0,311,72.0,7.7,14.0,243,WSW,98,5,0,97,0.0,none
207,2024-04-12T15:00:00,overcast,Overcast,7,15.8,11.7,14.3,15.8,10.8,17.9,1029,0,0.33,586.3,313,71.0,7.5,13.7,244,WSW,93,2,0,93,0.0,none
208,2024-04-12T16:00:00,overcast,Overcast,7,16.1,12.1,14.7,16.0,10.9,17.8,1028,0,0.28,492.5,313,71.0,7.2,13.1,244,WSW,100,3,1,100,0.0,none
209,2024-04-12T17:00:00,overcast,Overcast,7,16.3,12.8,15.1,16.0,11.0,16.6,1028,0,0.21,374.6,314,71.0,6.4,12.3,243,WSW,100,0,0,100,0.0,none
210,2024-04-12T18:00:00,overcast,Overcast,7,16.0,12.9,14.9,15.8,11.0,15.9,1028,0,0.12,215.8,312,72.0,5.6,11.2,240,WSW,99,0,0,99,0.0,none
211,2024-04-12T19:00:00,overcast,Overcast,7,15.4,12.5,14.2,15.4,11.0,14.6,1027,0,0.04,78.2,310,75.0,5.5,10.2,237,WSW,100,0,0,100,0.0,none
212,2024-04-12T20:00:00,overcast,Overcast,7,14.7,11.5,13.2,14.9,10.9,13.2,1027,0,0.01,6.6,306,77.0,5.8,10.0,236,SW,100,0,0,100,0.0,none
213,2024-04-12T21:00:00,overcast,Overcast,7,13.9,10.6,12.3,14.4,10.6,12.4,1027,0,0.01,0.0,304,80.0,5.9,10.6,234,SW,100,0,0,100,0.0,none
214,2024-04-12T22:00:00,overcast,Overcast,7,13.4,9.8,11.5,13.7,10.3,12.2,1027,0,0.01,0.0,304,81.0,6.3,11.2,234,SW,99,0,0,99,0.0,none
215,2024-04-12T23:00:00,overcast,Overcast,7,13.4,9.6,11.4,13.5,10.3,12.0,1027,0,0.01,0.0,304,81.0,6.7,11.6,234,SW,100,0,0,100,0.0,none
216,2024-04-13T00:00:00,overcast,Overcast,7,13.3,9.0,11.1,13.2,9.5,12.4,1026,0,0.01,0.0,305,77.0,7.2,11.6,236,SW,96,0,0,96,0.0,none
217,2024-04-13T01:00:00,overcast,Overcast,7,13.4,8.9,11.2,13.2,9.0,12.1,1026,0,0.01,0.0,305,74.0,7.3,11.5,239,WSW,99,0,0,99,0.0,none
218,2024-04-13T02:00:00,overcast,Overcast,7,13.4,8.9,11.2,13.2,8.8,11.9,1026,0,0.01,0.0,305,73.0,7.2,11.2,241,WSW,100,0,0,100,0.0,none
219,2024-04-13T03:00:00,overcast,Overcast,7,13.1,8.8,10.9,12.9,8.8,11.5,1025,0,0.01,0.0,306,75.0,6.8,10.5,241,WSW,100,0,0,100,0.0,none
220,2024-04-13T04:00:00,overcast,Overcast,7,12.6,8.7,10.5,12.6,8.8,11.2,1025,0,0.01,0.0,310,77.0,6.3,9.9,242,WSW,99,0,0,99,0.0,none
221,2024-04-13T05:00:00,overcast,Overcast,7,12.2,8.6,10.1,12.3,9.0,10.7,1025,0,0.01,0.0,312,80.0,5.8,9.3,244,WSW,97,0,0,97,0.0,none
222,2024-04-13T06:00:00,overcast,Overcast,7,11.7,8.4,9.6,11.8,9.0,10.4,1025,0,0.01,0.5,312,83.0,5.3,8.8,243,WSW,99,0,0,99,0.0,none
223,2024-04-13T07:00:00,overcast,Overcast,7,11.0,8.0,9.0,11.2,9.0,10.3,1025,0,0.02,46.7,311,87.0,4.7,8.0,239,WSW,100,0,0,100,0.0,none
224,2024-04-13T08:00:00,overcast,Overcast,7,11.8,9.1,10.0,11.6,9.8,11.4,1025,0,0.05,132.6,311,87.0,4.6,7.8,234,SW,100,0,0,100,0.0,none
225,2024-04-13T09:00:00,overcast,Overcast,7,13.2,10.7,11.7,12.4,10.6,13.2,1025,0,0.12,268.4,311,84.0,4.6,8.5,229,SW,98,0,0,98,0.0,none
226,2024-04-13T10:00:00,overcast,Overcast,7,14.5,12.0,13.2,13.5,11.1,15.2,1024,0,0.2,395.4,309,80.0,4.8,9.3,225,SW,100,0,0,100,0.0,none
227,2024-04-13T11:00:00,overcast,Overcast,7,15.5,12.9,14.4,14.4,11.5,17.4,1024,0,0.27,504.8,306,77.0,5.1,10.1,224,SW,100,0,0,100,0.0,none
228,2024-04-13T12:00:00,overcast,Overcast,7,17.0,14.6,16.3,15.1,12.5,19.3,1023,0,0.35,602.1,304,74.0,5.2,11.5,215,SW,100,4,0,100,0.0,none
229,2024-04-13T13:00:00,overcast,Overcast,7,18.3,15.4,17.7,16.0,13.1,20.4,1023,0,0.39,608.8,304,72.0,6.3,12.7,219,SW,100,14,0,100,0.0,none
230,2024-04-13T14:00:00,overcast,Overcast,7,19.2,16.1,18.8,16.7,13.4,20.5,1022,0,0.38,549.7,305,69.0,6.8,13.0,223,SW,99,17,0,98,0.0,none
231,2024-04-13T15:00:00,overcast,Overcast,7,19.7,16.5,19.4,17.1,13.4,20.3,1021,0,0.33,479.4,305,66.0,6.9,13.0,227,SW,100,10,0,100,0.0,none
232,2024-04-13T16:00:00,overcast,Overcast,7,19.5,16.3,19.2,17.3,13.4,20.1,1020,0,0.3,446.9,306,67.0,7.0,12.9,229,SW,99,5,0,99,0.0,none
233,2024-04-13T17:00:00,overcast,Overcast,7,19.2,16.1,18.8,17.4,13.3,19.3,1019,0,0.21,318.1,305,68.0,7.0,12.7,233,SW,98,1,0,98,0.0,none
234,2024-04-13T18:00:00,overcast,Overcast,7,18.4,15.2,17.8,17.2,12.5,18.0,1018,0,0.13,184.6,304,68.0,6.7,13.4,235,SW,98,0,0,98,0.0,none
235,2024-04-13T19:00:00,overcast,Overcast,7,17.3,13.2,16.1,16.6,11.5,16.0,1018,0,0.07,86.9,305,69.0,7.7,13.9,238,WSW,96,0,0,96,0.0,none
236,2024-04-13T20:00:00,overcast,Overcast,7,15.8,11.5,14.3,16.1,10.5,14.2,1018,0,0.03,8.4,306,70.0,7.6,13.0,239,WSW,97,0,0,97,0.0,none
237,2024-04-13T21:00:00,overcast,Overcast,7,14.8,10.4,12.9,15.7,10.1,13.0,1018,0,0.02,0.0,308,73.0,7.6,13.0,241,WSW,96,0,0,96,0.0,none
238,2024-04-13T22:00:00,overcast,Overcast,7,14.4,10.3,12.6,15.5,10.0,12.1,1018,0,0.01,0.0,310,74.0,7.3,12.5,247,WSW,93,0,0,93,0.0,none
239,2024-04-13T23:00:00,overcast,Overcast,7,14.3,10.4,12.6,15.2,9.8,11.5,1018,0,0.01,0.0,312,73.0,6.8,11.5,254,WSW,96,2,0,96,0.0,none
240,2024-04-14T00:00:00,cloudy,Cloudy,6,13.8,10.3,12.1,14.4,9.4,11.7,1018,0,0.01,0.0,314,74.0,5.9,10.8,269,W,90,18,10,88,0.0,none
241,2024-04-14T01:00:00,overcast,Overcast,7,13.5,9.8,11.6,13.9,9.4,11.8,1019,0,0.01,0.0,318,76.0,6.1,10.5,287,WNW,96,41,2,92,0.0,none
242,2024-04-14T02:00:00,mostly_cloudy,Mostly cloudy,5,12.5,9.1,10.4,13.2,8.9,11.4,1020,1,0.01,0.0,320,78.0,6.0,10.0,302,WNW,78,29,2,71,0.0,none
243,2024-04-14T03:00:00,cloudy,Cloudy,6,11.2,7.8,9.0,12.5,7.5,10.6,1020,0,0.01,0.0,323,77.0,5.4,8.8,307,NW,84,23,26,78,0.0,none
244,2024-04-14T04:00:00,cloudy,Cloudy,6,10.4,7.0,8.2,12.0,6.5,9.8,1021,0,0.01,0.0,326,76.0,4.8,7.6,306,NW,90,18,28,84,0.0,none
245,2024-04-14T05:00:00,overcast,Overcast,7,9.8,6.3,7.5,11.5,5.7,9.1,1021,0,0.01,0.0,330,75.0,4.4,7.0,302,WNW,98,12,52,98,0.0,none
246,2024-04-14T06:00:00,overcast,Overcast,7,9.2,5.7,6.8,11.0,5.1,8.8,1021,0,0.01,0.8,335,75.0,4.2,6.7,297,WNW,97,4,54,97,0.0,none
247,2024-04-14T07:00:00,overcast,Overcast,7,9.0,5.6,6.7,10.6,4.9,8.7,1022,0,0.03,46.0,338,75.0,4.2,7.1,289,WNW,98,2,23,98,0.0,none
248,2024-04-14T08:00:00,overcast,Overcast,7,9.5,6.1,7.3,10.7,5.3,9.4,1022,0,0.08,141.3,340,75.0,4.3,8.5,283,WNW,97,2,37,96,0.0,none
249,2024-04-14T09:00:00,overcast,Overcast,7,10.3,6.4,7.9,11.3,5.3,10.7,1023,0,0.18,309.9,343,70.0,5.1,10.2,283,WNW,97,0,32,97,0.0,none
250,2024-04-14T10:00:00,mostly_cloudy,Mostly cloudy,5,11.0,6.9,8.6,12.0,4.7,12.4,1023,0,0.28,494.8,346,65.0,5.7,11.2,283,WNW,80,8,25,76,0.0,none
251,2024-04-14T11:00:00,partly_sunny,Partly sunny,4,11.6,7.5,9.2,12.9,4.2,13.9,1023,0,0.35,591.2,350,60.0,6.1,11.8,281,W,57,15,11,47,0.0,none
252,2024-04-14T12:00:00,partly_sunny,Partly sunny,4,12.0,8.1,9.8,13.5,4.0,15.3,1023,0,0.4,684.2,357,57.0,5.9,12.0,273,W,49,15,3,39,0.0,none
253,2024-04-14T13:00:00,partly_sunny,Partly sunny,4,12.3,8.6,10.2,14.2,4.2,15.3,1023,0,0.4,683.5,362,57.0,6.0,11.9,273,W,39,17,0,28,0.0,none
254,2024-04-14T14:00:00,mostly_cloudy,Mostly cloudy,5,12.4,8.1,10.2,14.5,4.5,15.7,1023,0,0.41,686.2,366,58.0,6.1,11.5,272,W,71,20,0,65,0.0,none
255,2024-04-14T15:00:00,cloudy,Cloudy,6,12.4,8.0,10.3,14.7,4.5,15.7,1023,0,0.36,589.5,368,58.0,5.9,11.0,275,W,90,16,0,88,0.0,none
256,2024-04-14T16:00:00,overcast,Overcast,7,12.2,7.9,10.2,14.7,4.2,14.9,1022,0,0.3,485.1,370,57.0,5.4,10.1,278,W,98,16,0,97,0.0,none
257,2024-04-14T17:00:00,overcast,Overcast,7,11.8,7.8,9.9,14.5,4.1,13.8,1022,0,0.22,352.6,372,59.0,4.8,8.8,282,WNW,99,8,0,98,0.0,none
258,2024-04-14T18:00:00,overcast,Overcast,7,11.3,7.8,9.6,14.1,4.1,12.6,1021,0,0.14,201.1,375,61.0,4.0,7.1,281,W,100,21,13,100,0.0,none
259,2024-04-14T19:00:00,overcast,Overcast,7,10.6,7.6,9.2,13.4,3.9,11.0,1021,0,0.06,73.8,377,63.0,3.1,5.5,277,W,99,9,37,99,0.0,none
260,2024-04-14T20:00:00,overcast,Overcast,7,9.8,7.4,8.9,12.5,4.1,9.4,1020,0,0.01,7.1,379,67.0,2.0,3.5,283,WNW,100,6,29,100,0.0,none
261,2024-04-14T21:00:00,overcast,Overcast,7,8.8,7.1,8.8,11.8,4.7,8.1,1019,0,0.0,0.0,383,75.0,1.0,2.1,294,WNW,100,5,37,100,0.0,none
262,2024-04-14T22:00:00,overcast,Overcast,7,8.9,7.3,9.3,10.8,4.5,7.6,1018,0,0.0,0.0,395,73.0,0.8,2.0,265,W,100,9,70,100,0.0,none
263,2024-04-14T23:00:00,overcast,Overcast,7,7.9,6.2,7.7,10.3,5.2,7.6,1018,0,0.0,0.0,407,82.0,1.2,3.0,213,SSW,100,3,82,100,0.0,none
264,2024-04-15T00:00:00,overcast,Overcast,7,8.0,6.1,7.1,9.9,5.1,7.4,1017,7,0.0,0.0,419,81.0,1.8,4.3,207,SSW,92,4,90,80,0.0,none
265,2024-04-15T01:00:00,partly_sunny,Partly sunny,4,7.4,6.0,5.6,9.2,4.6,7.7,1016,9,0.0,0.0,425,82.0,2.8,5.5,190,S,34,19,33,0,0.0,none
266,2024-04-15T02:00:00,partly_sunny,Partly sunny,4,7.1,4.5,4.5,8.8,4.3,7.0,1015,24,0.0,0.0,399,82.0,3.8,6.8,192,SSW,54,18,52,0,0.0,none
267,2024-04-15T03:00:00,partly_sunny,Partly sunny,4,7.6,4.4,4.7,9.0,4.4,7.9,1014,6,0.01,0.0,394,80.0,4.6,7.5,205,SSW,64,25,54,22,0.0,none
268,2024-04-15T04:00:00,overcast,Overcast,7,8.1,4.5,5.4,9.1,5.3,7.7,1013,20,0.01,0.0,392,82.0,4.6,8.2,216,SW,96,26,36,90,0.0,none
269,2024-04-15T05:00:00,cloudy,Cloudy,6,8.4,4.8,5.6,9.2,5.8,8.4,1012,1,0.01,0.0,394,83.0,5.0,8.5,235,SW,86,11,24,83,0.0,none
270,2024-04-15T06:00:00,partly_sunny,Partly sunny,4,8.4,5.4,5.6,9.0,5.1,7.8,1011,0,0.01,1.2,397,79.0,4.9,8.8,242,WSW,47,16,18,30,0.0,none
271,2024-04-15T07:00:00,partly_sunny,Partly sunny,4,8.0,5.3,5.1,8.7,4.9,7.6,1010,0,0.03,63.4,400,80.0,5.0,10.5,230,SW,22,20,9,0,0.0,none
272,2024-04-15T08:00:00,partly_sunny,Partly sunny,4,8.7,5.2,5.5,9.1,5.4,9.0,1009,0,0.08,173.1,402,79.0,6.3,13.3,223,SW,25,19,9,0,0.0,none
273,2024-04-15T09:00:00,cloudy,Cloudy,6,9.6,4.0,6.1,9.9,5.5,10.5,1008,1,0.12,210.8,406,75.0,8.3,15.1,223,SW,91,23,90,0,0.0,none
274,2024-04-15T10:00:00,mostly_cloudy,Mostly cloudy,5,9.9,4.5,6.4,10.3,5.9,11.0,1006,3,0.2,370.3,411,76.0,8.6,18.5,215,SW,72,40,67,0,0.0,none
275,2024-04-15T11:00:00,rain_shower,Rain shower,13,10.3,4.2,6.8,10.7,6.2,11.6,1005,42,0.19,329.3,418,75.0,9.4,19.6,212,SSW,84,57,79,0,0.3,rain
276,2024-04-15T12:00:00,rain,Rain,11,10.1,3.7,6.4,10.5,6.2,12.2,1003,100,0.17,300.1,430,76.0,9.7,19.3,206,SSW,93,35,93,8,2.2,rain
277,2024-04-15T13:00:00,rain,Rain,11,9.4,2.7,5.3,10.8,6.3,11.2,1001,71,0.12,247.4,446,81.0,10.1,20.0,206,SSW,100,56,100,26,0.9,rain
278,2024-04-15T14:00:00,rain,Rain,11,8.7,1.0,4.1,10.8,6.9,9.2,999,146,0.07,101.2,458,88.0,12.1,20.3,227,SW,99,59,99,51,2.6,rain
279,2024-04-15T15:00:00,rain,Rain,11,6.4,-0.1,1.6,10.5,4.4,7.9,999,48,0.07,112.0,463,87.0,9.2,18.6,264,W,100,84,100,97,1.4,rain
280,2024-04-15T16:00:00,light_rain,Light rain,10,6.1,-0.3,1.3,10.0,3.7,6.8,999,4,0.13,261.3,468,84.0,8.9,18.4,274,W,91,20,87,77,0.5,rain
281,2024-04-15T17:00:00,rain_shower,Rain shower,13,6.9,0.6,2.3,9.9,4.0,7.8,999,100,0.15,370.3,475,81.0,9.4,19.1,277,W,69,17,58,40,0.2,rain
282,2024-04-15T18:00:00,rain_shower,Rain shower,13,7.6,1.5,3.0,10.1,4.5,9.0,1000,242,0.1,198.9,476,80.0,10.2,18.2,278,W,28,14,18,10,0.9,rain
283,2024-04-15T19:00:00,rain_shower,Rain shower,13,7.7,1.3,3.3,9.9,3.4,8.4,1000,77,0.05,79.0,472,73.0,9.8,17.0,276,W,55,11,50,10,0.3,rain
284,2024-04-15T20:00:00,cloudy,Cloudy,6,7.3,0.7,2.8,9.5,3.7,7.1,1000,0,0.02,9.8,468,77.0,9.5,17.7,278,W,89,20,86,52,0.0,none
285,2024-04-15T21:00:00,light_rain,Light rain,10,6.5,-0.6,1.5,8.8,4.1,6.6,1001,16,0.01,0.0,467,84.0,10.2,19.0,277,W,97,46,95,86,0.3,rain
286,2024-04-15T22:00:00,overcast,Overcast,7,6.3,-0.7,1.3,8.1,4.1,6.3,1001,17,0.01,0.0,467,85.0,10.2,19.3,275,W,96,38,91,90,0.0,none
287,2024-04-15T23:00:00,light_rain,Light rain,10,6.5,0.2,1.9,7.7,4.1,6.5,1001,28,0.01,0.0,466,84.0,9.0,17.8,271,W,92,35,80,85,0.4,rain
288,2024-04-16T00:00:00,psbl_rain,Possible rain,12,7.0,0.7,2.5,7.8,4.2,6.2,1000,21,0.01,0.0,462,82.0,9.0,18.4,268,W,88,20,66,79,0.9,rain
289,2024-04-16T01:00:00,psbl_rain,Possible rain,12,6.5,0.2,1.8,7.7,4.3,6.1,1000,24,0.01,0.0,463,85.0,9.2,17.8,268,W,84,35,63,65,0.7,rain
290,2024-04-16T02:00:00,mostly_cloudy,Mostly cloudy,5,6.5,-0.1,1.6,7.9,4.5,6.0,1000,2,0.01,0.0,463,87.0,9.9,16.8,271,W,78,19,52,70,0.0,none
291,2024-04-16T03:00:00,cloudy,Cloudy,6,6.3,-0.3,1.4,7.6,4.1,5.8,999,0,0.01,0.0,462,85.0,9.7,15.6,273,W,82,48,59,59,0.0,none
292,2024-04-16T04:00:00,mostly_cloudy,Mostly cloudy,5,6.3,0.2,1.6,7.4,4.1,5.8,998,0,0.01,0.0,462,85.0,9.0,15.0,270,W,72,43,51,43,0.0,none
293,2024-04-16T05:00:00,light_rain,Light rain,10,6.3,0.1,1.7,7.4,4.1,5.8,997,34,0.01,0.0,461,85.0,8.8,15.5,266,W,94,68,76,59,0.5,rain
294,2024-04-16T06:00:00,rain,Rain,11,6.5,1.0,2.2,7.3,5.1,6.7,997,30,0.01,0.5,456,90.0,7.8,15.4,274,W,100,99,99,32,1.0,rain
295,2024-04-16T07:00:00,rain,Rain,11,7.3,1.9,3.1,7.7,6.1,7.0,996,15,0.01,24.4,449,91.0,7.9,15.4,306,NW,94,68,69,61,0.9,rain
296,2024-04-16T08:00:00,overcast,Overcast,7,7.9,1.9,3.7,8.1,6.2,7.2,997,6,0.05,132.9,443,88.0,8.9,16.7,317,NW,97,48,40,94,0.0,none
297,2024-04-16T09:00:00,overcast,Overcast,7,8.4,2.3,4.3,8.4,6.4,8.1,998,9,0.1,246.3,440,87.0,9.1,17.1,318,NW,100,33,42,100,0.0,none
298,2024-04-16T10:00:00,overcast,Overcast,7,8.9,2.8,4.9,8.6,6.2,9.6,999,23,0.16,371.7,438,83.0,9.0,17.4,321,NW,100,26,37,98,0.0,none
299,2024-04-16T11:00:00,overcast,Overcast,7,9.2,3.3,5.5,9.0,5.7,10.6,1000,26,0.2,451.9,439,78.0,8.7,16.9,325,NW,95,39,28,94,0.0,none
300,2024-04-16T12:00:00,cloudy,Cloudy,6,9.0,3.9,5.5,9.3,5.8,11.7,1002,76,0.25,521.6,443,80.0,7.6,16.2,346,NNW,88,37,33,82,0.0,none
301,2024-04-16T13:00:00,overcast,Overcast,7,9.5,4.8,6.4,10.4,6.1,13.0,1003,61,0.27,541.9,446,78.0,6.8,15.9,345,NNW,93,50,53,84,0.0,none
302,2024-04-16T14:00:00,overcast,Overcast,7,9.4,4.6,6.2,11.2,6.1,12.7,1004,41,0.29,580.0,449,79.0,7.0,16.1,344,NNW,94,43,77,79,0.0,none
303,2024-04-16T15:00:00,overcast,Overcast,7,9.9,4.8,6.7,11.8,6.3,11.2,1005,6,0.28,531.6,450,78.0,7.5,16.3,352,N,96,33,94,47,0.0,none
304,2024-04-16T16:00:00,overcast,Overcast,7,9.8,4.9,6.6,12.0,6.0,11.5,1006,37,0.23,403.3,450,77.0,7.1,16.4,355,N,95,36,90,44,0.0,none
305,2024-04-16T17:00:00,cloudy,Cloudy,6,9.7,4.7,6.4,11.9,5.7,10.4,1007,83,0.19,315.2,450,76.0,7.2,15.6,354,N,87,31,76,49,0.0,none
306,2024-04-16T18:00:00,mostly_cloudy,Mostly cloudy,5,9.5,4.4,6.1,11.5,5.2,10.3,1008,38,0.14,227.2,450,74.0,7.8,14.5,354,N,69,16,38,53,0.0,none
307,2024-04-16T19:00:00,partly_sunny,Partly sunny,4,9.2,4.6,5.8,11.0,4.7,8.8,1008,0,0.08,107.4,450,73.0,7.2,13.2,355,N,55,10,36,27,0.0,none
308,2024-04-16T20:00:00,partly_sunny,Partly sunny,4,8.7,4.8,5.3,10.4,4.6,7.9,1009,0,0.02,11.5,452,75.0,6.6,11.4,356,N,28,10,19,13,0.0,none
309,2024-04-16T21:00:00,partly_sunny,Partly sunny,4,7.7,4.4,4.4,9.3,4.5,6.9,1010,0,0.01,0.0,452,80.0,5.7,9.6,354,N,29,23,9,6,0.0,none
310,2024-04-16T22:00:00,partly_sunny,Partly sunny,4,7.0,3.9,3.7,8.6,4.3,6.3,1011,0,0.01,0.0,451,83.0,5.2,8.6,351,N,34,16,24,4,0.0,none
311,2024-04-16T23:00:00,partly_sunny,Partly sunny,4,6.5,3.4,3.4,7.9,4.0,6.2,1011,0,0.01,0.0,451,84.0,4.6,7.6,350,N,55,26,48,2,0.0,none
312,2024-04-17T00:00:00,mostly_cloudy,Mostly cloudy,5,6.1,2.7,3.0,7.4,3.1,5.8,1011,0,0.01,0.0,450,80.0,4.5,6.5,342,NNW,67,32,40,33,0.0,none
313,2024-04-17T01:00:00,mostly_cloudy,Mostly cloudy,5,5.6,2.6,2.8,6.9,3.0,5.6,1012,0,0.01,0.0,451,83.0,3.7,6.1,333,NNW,72,44,56,12,0.0,none
314,2024-04-17T02:00:00,overcast,Overcast,7,4.9,1.3,1.7,8.1,4.2,7.0,1011,0,-0.02,0.0,453,94.0,4.1,6.3,319,NW,100,66,99,0,0.0,none
315,2024-04-17T03:00:00,overcast,Overcast,7,5.2,1.9,2.3,8.0,4.2,7.2,1011,0,-0.01,0.0,455,93.0,3.7,5.3,309,NW,100,78,75,0,0.0,none
316,2024-04-17T04:00:00,overcast,Overcast,7,5.9,2.0,2.6,7.5,4.3,7.4,1011,4,-0.0,0.0,455,89.0,4.8,6.0,312,NW,100,74,42,0,0.0,none
317,2024-04-17T05:00:00,overcast,Overcast,7,5.9,2.2,2.8,7.6,4.1,7.4,1011,7,-0.0,0.0,452,88.0,4.3,6.2,317,NW,100,39,0,0,0.0,none
318,2024-04-17T06:00:00,partly_sunny,Partly sunny,4,4.9,2.4,1.8,8.3,3.8,7.0,1011,6,-0.02,3.0,447,92.0,4.0,5.9,308,NW,43,35,0,0,0.0,none
319,2024-04-17T07:00:00,partly_sunny,Partly sunny,4,4.4,2.0,1.2,7.7,2.3,6.7,1011,0,0.06,73.6,445,86.0,3.9,6.7,307,NW,30,24,3,0,0.0,none
320,2024-04-17T08:00:00,partly_sunny,Partly sunny,4,6.2,2.7,2.7,6.9,2.7,7.3,1011,0,0.19,184.4,445,78.0,5.2,5.9,312,NW,44,23,55,0,0.0,none
321,2024-04-17T09:00:00,partly_sunny,Partly sunny,4,6.9,3.9,4.2,6.7,3.0,8.5,1011,57,0.41,352.7,444,75.0,4.0,7.4,322,NW,64,32,36,0,0.0,none
322,2024-04-17T10:00:00,light_rain,Light rain,10,6.4,2.5,3.4,6.4,2.6,9.5,1011,60,0.54,483.7,441,76.0,4.4,7.2,329,NNW,100,33,90,0,0.3,rain
323,2024-04-17T11:00:00,rain_shower,Rain shower,13,7.7,5.6,6.2,6.5,3.6,9.9,1011,86,0.6,514.6,438,75.0,2.2,6.5,322,NW,74,41,100,0,0.6,rain
324,2024-04-17T12:00:00,rain_shower,Rain shower,13,7.9,4.1,4.8,6.6,4.2,10.0,1011,114,0.63,526.1,439,77.0,5.5,5.9,314,NW,63,65,100,0,0.8,rain
325,2024-04-17T13:00:00,rain_shower,Rain shower,13,5.2,1.6,1.5,6.8,4.1,10.0,1011,68,0.3,389.3,440,92.0,5.1,5.5,307,NW,63,91,100,0,0.9,rain
326,2024-04-17T14:00:00,light_rain,Light rain,10,5.4,2.4,2.9,7.7,4.3,9.5,1011,68,0.64,496.8,442,92.0,3.2,5.3,306,NW,100,75,100,0,0.6,rain
327,2024-04-17T15:00:00,light_rain,Light rain,10,6.9,4.0,4.9,7.3,3.5,10.2,1011,68,0.36,321.2,448,78.0,2.8,6.3,312,NW,100,79,100,0,0.4,rain
328,2024-04-17T16:00:00,light_rain,Light rain,10,7.2,4.3,5.4,8.0,2.7,9.2,1011,57,0.26,321.3,449,73.0,2.6,7.3,328,NNW,100,75,100,0,0.3,rain
329,2024-04-17T17:00:00,rain_shower,Rain shower,13,8.2,3.7,5.2,8.9,1.4,10.0,1011,74,0.22,258.5,451,62.0,5.3,8.4,340,NNW,85,80,100,0,0.3,rain
330,2024-04-17T18:00:00,rain_shower,Rain shower,13,6.7,3.2,3.4,8.7,1.8,9.3,1011,99,0.09,157.4,450,70.0,4.9,8.8,350,N,42,77,66,0,0.2,rain
331,2024-04-17T19:00:00,cloudy,Cloudy,6,6.4,2.9,3.6,8.9,2.4,8.8,1012,41,0.05,80.5,449,75.0,4.0,8.3,4,N,85,61,50,0,0.0,none
332,2024-04-17T20:00:00,partly_sunny,Partly sunny,4,5.7,2.9,2.8,8.6,2.6,8.2,1012,13,-0.02,9.6,448,80.0,3.7,7.4,11,N,56,49,50,0,0.0,none
333,2024-04-17T21:00:00,rain_shower,Rain shower,13,4.9,4.4,3.9,8.4,2.7,7.6,1012,1,-0.04,0.0,446,85.0,1.5,6.4,17,NNE,21,36,61,0,0.4,rain
334,2024-04-17T22:00:00,psbl_rain,Possible rain,12,4.7,1.4,1.6,7.8,2.8,7.1,1013,2,-0.05,0.0,446,87.0,3.8,5.2,15,NNE,82,46,100,1,0.7,rain
335,2024-04-17T23:00:00,light_rain,Light rain,10,4.5,1.5,2.1,7.0,2.7,6.9,1013,2,-0.04,0.0,443,88.0,2.7,4.5,360,N,100,62,100,17,0.4,rain
336,2024-04-18T00:00:00,cloudy,Cloudy,6,4.8,2.1,2.5,7.0,3.0,7.1,1014,2,-0.02,0.0,442,87.0,2.7,4.1,347,NNW,89,40,87,16,0.0,none
337,2024-04-18T01:00:00,partly_sunny,Partly sunny,4,5.0,3.1,2.8,7.0,3.2,6.7,1015,0,-0.01,0.0,440,88.0,2.6,4.0,17,NNE,50,20,35,1,0.0,none
338,2024-04-18T02:00:00,partly_sunny,Partly sunny,4,4.7,2.8,2.1,6.8,3.3,6.3,1015,0,0.01,0.0,437,90.0,3.1,4.0,30,NNE,39,36,3,0,0.0,none
339,2024-04-18T03:00:00,partly_sunny,Partly sunny,4,4.6,2.9,2.2,6.7,3.2,6.3,1016,0,0.0,0.1,435,90.0,2.8,4.1,30,NNE,37,34,1,0,0.0,none
340,2024-04-18T04:00:00,partly_sunny,Partly sunny,4,4.5,2.8,2.0,6.5,3.2,6.2,1016,0,-0.0,0.0,434,91.0,2.8,3.9,20,NNE,33,32,0,0,0.0,none
341,2024-04-18T05:00:00,partly_sunny,Partly sunny,4,4.3,2.8,1.9,6.3,3.3,6.1,1017,0,-0.0,0.0,434,93.0,2.7,4.2,11,N,29,28,0,0,0.0,none
342,2024-04-18T06:00:00,partly_sunny,Partly sunny,4,4.0,2.3,1.5,5.5,3.0,6.0,1017,0,0.0,3.3,428,93.0,2.7,4.7,359,N,38,38,0,0,0.0,none
343,2024-04-18T07:00:00,mostly_sunny,Mostly sunny,3,3.9,2.4,1.2,5.2,2.7,5.8,1018,0,0.08,72.3,423,92.0,3.0,5.1,347,NNW,13,13,0,0,0.0,none
344,2024-04-18T08:00:00,sunny,Sunny,2,4.8,3.7,2.4,5.2,3.0,6.7,1019,0,0.27,225.9,421,88.0,2.8,5.2,342,NNW,2,2,0,0,0.0,none
345,2024-04-18T09:00:00,partly_sunny,Partly sunny,4,6.6,4.8,4.3,5.4,3.8,8.3,1019,4,0.46,384.8,408,82.0,3.1,4.9,333,NNW,31,25,0,0,0.0,none
346,2024-04-18T10:00:00,partly_sunny,Partly sunny,4,8.4,6.1,6.2,6.2,3.4,10.0,1020,13,0.6,504.5,398,70.0,3.8,6.2,331,NNW,37,34,0,2,0.0,none
347,2024-04-18T11:00:00,cloudy,Cloudy,6,9.8,6.0,7.7,6.6,1.4,11.4,1020,15,0.5,474.4,403,55.0,4.1,6.6,335,NNW,89,83,29,4,0.0,none
348,2024-04-18T12:00:00,overcast,Overcast,7,10.1,6.0,7.9,7.0,1.6,11.4,1020,16,0.29,337.2,401,55.0,4.6,7.1,336,NNW,95,87,32,9,0.0,none
349,2024-04-18T13:00:00,cloudy,Cloudy,6,10.1,6.2,8.0,7.7,1.7,11.0,1020,7,0.32,403.1,398,55.0,4.4,7.1,323,NW,90,73,31,11,0.0,none
350,2024-04-18T14:00:00,overcast,Overcast,7,10.4,6.3,8.3,8.0,1.9,11.3,1020,10,0.43,482.8,397,55.0,4.5,7.2,309,NW,99,83,34,90,0.0,none
351,2024-04-18T15:00:00,overcast,Overcast,7,10.3,5.7,7.8,7.8,2.3,11.4,1020,13,0.41,436.6,392,57.0,5.4,7.8,296,WNW,100,65,88,100,0.0,none
352,2024-04-18T16:00:00,overcast,Overcast,7,9.7,5.0,7.0,8.0,2.7,11.0,1020,13,0.44,443.6,390,61.0,5.6,8.7,290,WNW,100,33,87,100,0.0,none
353,2024-04-18T17:00:00,overcast,Overcast,7,9.6,5.2,7.0,8.3,3.0,10.8,1020,14,0.27,229.8,390,63.0,5.2,8.7,287,WNW,100,34,100,100,0.0,none
354,2024-04-18T18:00:00,overcast,Overcast,7,8.9,4.5,6.1,8.1,3.1,9.8,1020,16,0.16,118.8,390,66.0,5.3,8.6,279,W,100,31,100,100,0.0,none
355,2024-04-18T19:00:00,overcast,Overcast,7,8.7,3.8,5.5,8.3,2.9,9.3,1019,12,0.09,55.9,388,67.0,6.0,8.2,267,W,100,22,100,100,0.0,none
356,2024-04-18T20:00:00,overcast,Overcast,7,8.4,3.5,5.2,8.3,2.6,8.8,1018,1,0.04,6.3,386,66.0,6.0,7.9,259,WSW,100,20,100,100,0.0,none
357,2024-04-18T21:00:00,overcast,Overcast,7,8.2,3.2,4.9,8.4,2.6,8.7,1018,1,0.03,0.0,384,67.0,6.0,8.0,247,WSW,100,13,100,100,0.0,none
358,2024-04-18T22:00:00,light_rain,Light rain,10,7.9,2.8,4.4,8.2,3.2,8.7,1017,11,0.04,0.0,383,72.0,6.5,7.6,234,SW,100,100,100,100,0.2,rain
359,2024-04-18T23:00:00,rain,Rain,11,7.9,2.6,4.2,8.2,4.6,8.7,1016,40,0.05,0.0,381,79.0,7.2,8.9,240,WSW,100,100,100,100,0.8,rain
